text,label,clean
‡∏Å‡πá‡πÄ‡∏û‡∏£‡∏≤‡∏∞‡∏°‡∏±‡∏ô‡∏à‡∏∞‡∏°‡∏≤‡∏ó‡∏≥‡∏•‡∏≤‡∏¢‡∏ò‡∏∏‡∏£‡∏Å‡∏¥‡∏à‡∏ñ‡∏π‡∏Å‡∏Å‡∏é‡∏´‡∏°‡∏≤‡∏¢‡∏Ç‡∏≠‡∏á‡∏õ‡∏£‡∏∞‡πÄ‡∏ó‡∏®‡∏ó‡∏µ‡πà‡∏ó‡∏≥‡∏á‡∏¥‡∏ô‡∏°‡∏´‡∏≤‡∏®‡∏≤‡∏•‡πÉ‡∏ô‡πÅ‡∏ï‡πà‡∏•‡∏∞‡∏õ‡∏µ‡πÑ‡∏á‡∏•‡πà‡∏∞‡∏à‡∏∂‡∏á‡∏ï‡πâ‡∏≠‡∏á‡∏ï‡∏±‡∏î‡πÑ‡∏ü‡πÄ‡∏™‡∏µ‡∏¢‡πÅ‡∏ï‡πà‡∏ï‡πâ‡∏ô‡∏•‡∏°,0,‡πÄ‡∏û‡∏£‡∏≤‡∏∞‡∏ò‡∏∏‡∏£‡∏Å‡∏¥‡∏à‡∏ó‡∏µ‡πà‡∏ú‡∏¥‡∏î‡∏Å‡∏è‡∏´‡∏°‡∏≤‡∏¢‡πÄ‡∏´‡∏•‡πà‡∏≤‡∏ô‡∏±‡πâ‡∏ô‡∏à‡∏∞‡∏ó‡∏≥‡∏•‡∏≤‡∏¢‡∏ò‡∏∏‡∏£‡∏Å‡∏¥‡∏à‡∏ó‡∏µ‡πà‡∏ñ‡∏π‡∏Å‡∏Å‡∏è‡∏´‡∏°‡∏≤‡∏¢‡πÉ‡∏ô‡∏õ‡∏£‡∏∞‡πÄ‡∏ó‡∏® ‡∏à‡∏∂‡∏á‡∏ï‡πâ‡∏≠‡∏á‡∏ï‡∏±‡∏î‡πÑ‡∏ü‡πÄ‡∏™‡∏µ‡∏¢‡πÄ‡πÄ‡∏ï‡πà‡∏ï‡πâ‡∏ô‡∏•‡∏°
‡∏≠‡∏¢‡∏≤‡∏Å‡∏Å‡∏¥‡∏ô ‡πÑ‡∏õ‡∏°‡∏±‡πâ‡∏¢,0,‡πÑ‡∏õ‡∏Å‡∏¥‡∏ô‡∏Å‡∏±‡∏ô‡πÑ‡∏´‡∏°
‡πÄ‡∏´‡∏¢‡∏î‡πÄ‡∏Ç‡πâ ‡∏°‡∏µ‡∏ä‡∏µ‡∏™‡∏™‡∏™ ‡∏à‡∏±‡∏î‡πÑ‡∏õ‡∏õ,0,‡∏°‡∏µ‡∏ä‡∏µ‡∏™‡∏î‡πâ‡∏ß‡∏¢ ‡πÑ‡∏õ‡∏Å‡∏¥‡∏ô‡∏Å‡∏±‡∏ô‡πÑ‡∏´‡∏°
‡∏î‡∏π‡∏´‡∏ç‡∏¥‡∏á‡πÅ‡∏¢‡πâ‡∏™‡∏≠‡∏ô‡πÉ‡∏™‡πà‡∏ú‡πâ‡∏≤‡∏≠‡∏ô‡∏≤‡∏°‡∏±‡∏¢‡πÇ‡∏Ñ‡∏ï‡∏£‡∏Æ‡∏≤‡πÅ‡∏°‡πà‡∏á55555555555 ‡πÅ‡∏ö‡∏ö‡∏Å‡∏•‡∏≤‡∏á‡∏Ñ‡∏∑‡∏ô40‡πÄ‡∏ã‡∏ô‡∏ô‡∏µ‡πà‡∏ú‡πâ‡∏≤‡∏≠‡∏ô‡∏≤‡∏°‡∏±‡∏¢‡∏´‡∏£‡∏∑‡∏≠‡∏Å‡∏•‡πà‡∏≠‡∏á‡∏î‡∏¥‡∏ô‡∏™‡∏≠,0,‡∏î‡∏π‡∏´‡∏ç‡∏¥‡∏á‡πÅ‡∏¢‡πâ‡∏™‡∏≠‡∏ô‡πÉ‡∏™‡πà‡∏ú‡πâ‡∏≤‡∏≠‡∏ô‡∏≤‡∏°‡∏±‡∏¢‡∏ï‡∏•‡∏Å‡∏°‡∏≤‡∏Å ‡πÄ‡∏Ç‡∏≤‡∏ö‡∏≠‡∏Å‡∏ß‡πà‡∏≤‡πÄ‡πÄ‡∏ö‡∏ö‡∏Å‡∏•‡∏≤‡∏á‡∏Ñ‡∏∑‡∏ô ‡∏¢‡∏≤‡∏ß 40 ‡πÄ‡∏ã‡∏ô‡∏ï‡∏¥‡πÄ‡∏°‡∏ï‡∏£ ‡∏ô‡∏±‡πà‡∏ô‡∏ú‡πâ‡∏≤‡∏≠‡∏ô‡∏≤‡∏°‡∏±‡∏¢‡∏´‡∏£‡∏∑‡∏≠‡∏Å‡∏•‡πà‡∏≠‡∏á‡∏î‡∏¥‡∏ô‡∏™‡∏≠‡∏Ñ‡∏∞
‡∏Ñ‡πà‡∏≤‡πÄ‡∏ä‡πà‡∏≤‡∏ä‡∏∏‡∏î‡∏Å‡πá500‡∏ø ‡∏•‡πà‡∏∞ ‡πÅ‡∏û‡∏á‡∏Å‡∏ß‡πà‡∏≤‡∏õ‡∏Å‡∏ï‡∏¥‡∏≠‡∏µ‡∏Å555,0,‡∏Ñ‡πà‡∏≤‡πÄ‡∏ä‡πà‡∏≤‡∏ä‡∏∏‡∏î‡πÄ‡∏™‡∏∑‡πâ‡∏≠‡∏ú‡πâ‡∏≤ 500 ‡∏ö‡∏≤‡∏ó ‡∏™‡∏π‡∏á‡πÄ‡∏Å‡∏¥‡∏ô‡πÑ‡∏õ‡∏à‡∏£‡∏¥‡∏á‡πÜ ‡∏ñ‡πâ‡∏≤‡πÄ‡∏õ‡∏£‡∏µ‡∏¢‡∏ö‡πÄ‡∏ó‡∏µ‡∏¢‡∏ö‡∏Å‡∏±‡∏ö‡∏£‡∏≤‡∏Ñ‡∏≤‡∏õ‡∏Å‡∏ï‡∏¥‡∏°‡∏≤‡∏Å‡∏Ç‡∏∂‡πâ‡∏ô ‡∏Ç‡∏≠‡∏™‡∏≠‡∏ö‡∏ñ‡∏≤‡∏°‡πÑ‡∏î‡πâ‡πÑ‡∏´‡∏°‡∏Ñ‡∏∞‡∏ß‡πà‡∏≤‡πÄ‡∏û‡∏£‡∏≤‡∏∞‡∏™‡∏≤‡πÄ‡∏´‡∏ï‡∏∏‡πÉ‡∏î
‡∏≠‡∏¢‡∏≤‡∏Å‡∏≠‡πà‡∏î‡∏¥,0,‡∏≠‡∏¢‡∏≤‡∏Å‡πÉ‡∏ä‡πà‡πÑ‡∏´‡∏°
‡πÄ‡∏û‡∏µ‡∏¢‡∏ß‡πÜ‡πÜ‡πÄ‡∏•‡∏¢‡πÅ‡∏≠‡∏î.,0,‡∏Å‡∏¥‡∏ô‡∏õ‡∏•‡πà‡∏≤‡∏ß‡πÜ ‡πÑ‡∏õ‡πÄ‡∏•‡∏¢‡∏Ñ‡∏£‡∏±‡∏ö
‡∏™‡∏µ‡∏õ‡∏±‡∏ç‡∏´‡∏≤‡∏Å‡∏±‡∏ö‡∏ü‡∏≠‡∏£‡πå‡∏î‡πÄ‡∏£‡∏ô‡πÄ‡∏à‡∏≠‡∏£‡πå‡∏ó‡∏µ‡πà‡∏ô‡∏µ‡πà‡∏ï‡∏•‡∏≠‡∏î‡πÄ‡∏•‡∏¢‡∏≠‡πà‡∏∞ ‡∏ó‡∏≥‡πÑ‡∏°‡∏ä‡∏≠‡∏ö‡∏Ñ‡∏¥‡∏î‡∏ß‡πà‡∏≤‡∏£‡∏ñ‡∏ï‡∏±‡∏ß‡πÄ‡∏≠‡∏á‡πÅ‡∏£‡∏á‡πÄ‡∏ß‡πà‡∏≠‡∏à‡∏ô‡πÑ‡∏°‡πà‡πÄ‡∏´‡πá‡∏ô‡∏ß‡πà‡∏≤‡∏Ñ‡∏ô‡∏≠‡∏∑‡πà‡∏ô‡πÄ‡∏Ñ‡πâ‡∏≤‡πÄ‡∏™‡∏µ‡∏¢‡∏à‡∏±‡∏á‡∏´‡∏ß‡∏∞ ‡∏Ñ‡∏¥‡∏î‡∏à‡∏∞‡∏û‡∏∏‡πà‡∏á‡∏Å‡πá‡∏û‡∏∏‡πà‚Ä¶,0,‡∏ü‡∏≠‡∏£‡πå‡∏î‡πÄ‡∏£‡∏ô‡πÄ‡∏à‡∏≠‡∏£‡πå‡∏ó‡∏µ‡πà‡∏ô‡∏µ‡πà‡∏°‡∏µ‡∏õ‡∏±‡∏ç‡∏´‡∏≤‡πÄ‡∏£‡∏∑‡πà‡∏≠‡∏á‡∏™‡∏µ‡∏ï‡∏•‡∏≠‡∏î‡πÄ‡∏ß‡∏•‡∏≤ ‡∏ú‡∏°‡∏ß‡πà‡∏≤‡∏°‡∏±‡∏ô‡∏≠‡∏≤‡∏à‡∏à‡∏∞‡∏ó‡∏≥‡πÉ‡∏´‡πâ‡πÄ‡∏£‡∏≤‡∏°‡∏≠‡∏á‡∏Ç‡πâ‡∏≤‡∏á‡∏≠‡∏∑‡πà‡∏ô‡πÑ‡∏°‡πà‡∏ä‡∏±‡∏î‡πÄ‡∏à‡∏ô‡πÄ‡∏ó‡πà‡∏≤‡∏ó‡∏µ‡πà‡∏Ñ‡∏ß‡∏£ ‡∏Å‡∏•‡∏±‡∏ß‡∏ß‡πà‡∏≤‡∏à‡∏∞‡∏û‡∏∏‡πà‡∏á‡∏ó‡∏≥‡πÉ‡∏´‡πâ‡πÄ‡∏Å‡∏¥‡∏î‡∏≠‡∏∏‡∏ö‡∏±‡∏ï‡∏¥‡πÄ‡∏´‡∏ï‡∏∏
‡∏á‡∏≤‡∏ô‡πÄ‡∏ö‡∏µ‡∏¢‡∏£‡πå‡∏ä‡πâ‡∏≤‡∏á‡∏ô‡∏¥,0,‡∏á‡∏≤‡∏ô‡∏Ç‡∏≠‡∏á‡∏ö‡∏£‡∏¥‡∏©‡∏±‡∏ó‡∏ä‡πâ‡∏≤‡∏á‡∏ô‡∏¥
‡πÄ‡∏ó‡∏≠‡πÜ ‡πÄ‡∏ã‡∏ô‡∏ó‡∏£‡∏±‡∏•‡∏£‡∏≤‡∏© ‡∏°‡∏µ‡∏ô‡∏∞ ‡πÄ‡∏Ç‡πâ‡∏Ñ‡∏•‡∏∞ ‡∏£‡πà‡∏ß‡∏°‡πÇ‡∏õ‡∏£,0,‡πÄ‡∏ã‡∏ô‡∏ó‡∏£‡∏±‡∏•‡∏£‡∏≤‡∏©‡∏°‡∏µ‡∏≠‡∏¢‡∏π‡πà‡∏ô‡∏∞‡∏Ñ‡∏∞ ‡πÅ‡∏•‡∏∞‡∏°‡∏µ‡πÇ‡∏õ‡∏£‡πÇ‡∏°‡∏ä‡∏±‡πà‡∏ô‡∏£‡πà‡∏ß‡∏°‡∏î‡πâ‡∏ß‡∏¢‡πÄ‡∏ä‡πà‡∏ô‡∏Å‡∏±‡∏ô‡∏Ñ‡πà‡∏∞
‡∏Ñ‡∏ß‡∏≤‡∏°‡∏™‡∏ß‡∏¢‡∏Å‡∏¥‡∏ô‡∏Å‡∏±‡∏ô‡πÑ‡∏°‡πà‡∏•‡∏á‡∏à‡∏£‡∏¥‡∏á‡πÜ....‡πÄ‡∏ó‡∏µ‡∏¢‡∏ö‡∏™‡πÄ‡∏õ‡πá‡∏Ñ Toyota C-HR ‡πÅ‡∏•‡∏∞ Honda HR-V 2018 ‡∏£‡∏∏‡πà‡∏ô‡∏ó‡πá‡∏≠‡∏õ‡∏ó‡∏±‡πâ‡∏á‡∏Ñ‡∏π‡πà ‡∏≠‡πá‡∏≠‡∏û‡∏ä‡∏±‡πà‡∏ô‡πÉ‡∏Ñ‡∏£‡πÅ‡∏ô‡πà‡∏ô‡∏Å‡∏ß‡πà‡∏≤?,0,‡∏Ñ‡∏ß‡∏≤‡∏°‡∏™‡∏ß‡∏¢‡∏Å‡∏¥‡∏ô‡∏Å‡∏±‡∏ô‡πÑ‡∏°‡πà‡∏•‡∏á‡∏à‡∏£‡∏¥‡∏á‡πÜ ‡πÄ‡πÄ‡∏•‡πâ‡∏ß‡∏ñ‡πâ‡∏≤‡πÄ‡∏ó‡∏µ‡∏¢‡∏ö‡∏™‡∏°‡∏£‡∏£‡∏ñ‡∏ô‡∏∞ ‡∏£‡∏∞‡∏´‡∏ß‡πà‡∏≤‡∏á Toyota C-HR ‡πÅ‡∏•‡∏∞ Honda HR-V 2018 ‡∏ã‡∏∂‡πà‡∏á‡πÄ‡∏õ‡πá‡∏ô‡∏£‡∏∏‡πà‡∏ô‡∏ó‡πá‡∏≠‡∏õ‡∏ó‡∏±‡πâ‡∏á‡∏Ñ‡∏π‡πà ‡∏£‡∏ñ‡∏£‡∏∏‡πà‡∏ô‡πÑ‡∏´‡∏ô‡∏î‡∏µ‡∏Å‡∏ß‡πà‡∏≤‡∏Å‡∏±‡∏ô
‡∏õ‡∏≤‡∏ï‡∏µ‡πâ‡πÅ‡∏™‡∏á‡πÇ‡∏™‡∏°‡∏≠‡∏∑‡πâ‡∏≠ ‡∏ß‡∏±‡∏ô‡πÑ‡∏´‡∏ô‡∏≠‡πà‡∏≤?,0,‡∏Ç‡∏≠‡∏ñ‡∏≤‡∏°‡∏ß‡∏±‡∏ô‡∏à‡∏±‡∏î‡∏õ‡∏≤‡∏£‡πå‡∏ï‡∏µ‡πâ‡πÅ‡∏™‡∏á‡πÇ‡∏™‡∏°‡∏´‡∏ô‡πà‡∏≠‡∏¢‡πÑ‡∏î‡πâ‡πÑ‡∏´‡∏°‡∏Ñ‡∏∞?
‡πÄ‡∏¢‡πá‡∏ô‡∏ô‡∏µ‡πâ‡πÑ‡∏õ‡∏Å‡∏±‡∏ô‡∏°‡∏±‡∏¢ ‡∏´‡∏¥‡∏ß‡πÜ,0,‡∏ß‡∏±‡∏ô‡∏ô‡∏µ‡πâ‡πÄ‡∏¢‡πá‡∏ô‡πÑ‡∏õ‡∏Å‡∏¥‡∏ô‡∏Ç‡πâ‡∏≤‡∏ß‡∏Å‡∏±‡∏ô‡πÑ‡∏´‡∏° ‡∏´‡∏¥‡∏ß‡∏°‡∏≤‡∏Å‡πÄ‡∏•‡∏¢
‡∏ô‡πà‡∏≤‡∏•‡∏≠‡∏á ‡∏£‡∏™‡∏ä‡∏≤‡∏ï‡∏¥‡πÄ‡∏õ‡πá‡∏ô‡πÑ‡∏á,0,‡πÄ‡∏°‡∏ô‡∏π‡∏ô‡∏µ‡πâ‡∏î‡∏π‡∏ô‡πà‡∏≤‡∏•‡∏≠‡∏á‡∏°‡∏≤‡∏Å‡πÜ ‡∏≠‡∏¢‡∏≤‡∏Å‡∏•‡∏≠‡∏á‡∏î‡∏π‡∏ß‡πà‡∏≤‡∏£‡∏™‡∏ä‡∏≤‡∏ï‡∏¥‡πÄ‡∏õ‡πá‡∏ô‡∏≠‡∏¢‡πà‡∏≤‡∏á‡πÑ‡∏£‡∏ö‡πâ‡∏≤‡∏á
‡∏≠‡∏¢‡∏≤‡∏Å‡πÑ‡∏î‡πâ‡∏•‡∏¥‡∏õ‡∏Å‡∏•‡∏≠‡∏™fenty ‡∏Ñ‡πâ‡∏≤,0,‡∏≠‡∏¢‡∏≤‡∏Å‡πÑ‡∏î‡πâ‡∏•‡∏¥‡∏õ‡∏Å‡∏•‡∏≠‡∏™ Fenty ‡∏Ñ‡πà‡∏∞
‡∏≠‡∏¥‡∏ô‡πÄ‡∏ï‡∏≠‡πÄ‡∏ô‡∏ï‡∏´‡πà‡∏ß‡∏¢ ‡πÅ‡∏à‡πâ‡∏á‡∏ã‡πà‡∏≠‡∏°‡∏°‡∏≤‡∏™‡∏≤‡∏°‡∏ß‡∏±‡∏ô ‡πÑ‡∏°‡πà‡∏°‡∏≤‡∏Ñ‡∏¥‡∏ß‡πÄ‡∏ï‡πá‡∏° ‡∏Ñ‡∏∑‡∏≠‡∏ï‡πâ‡∏≠‡∏á‡∏°‡∏≤‡∏£‡∏≠‡∏≠‡∏∞‡πÑ‡∏£‡∏õ‡∏±‡∏ç‡∏ç‡∏≤‡∏≠‡πà‡∏≠‡∏ô ‡∏û‡∏π‡∏î‡πÑ‡∏î‡πâ‡πÅ‡∏Ñ‡πà‡πÑ‡∏°‡πà‡∏°‡∏µ‡∏Ñ‡∏¥‡∏ß ‡∏Å‡πâ‡∏≠‡∏à‡πâ‡∏≤‡∏á‡∏ä‡πà‡∏≤‡∏á‡πÄ‡∏û‡∏¥‡πà‡∏°‡∏î‡∏¥‡∏ñ‡πâ‡∏≤‡∏£‡∏∏‡πâ‡∏ß‡πà‡∏≤‡πÄ‡∏ô‡∏ï‡∏ï‡∏±‡∏ß‡πÄ‡∏≠‡∏á‡∏´‡πà‡∏ß‡∏¢ ‡∏Ç‡∏ô‡∏≤‡∏î‡∏ô‡∏µ‡πâ ‡∏ó‡∏ô‡∏°‡∏≤‡∏´‡∏•‡∏≤‡∏¢‡∏ß‡∏±‡∏ô‡∏•‡∏∞‡∏ô‡∏∞,0,‡∏≠‡∏¥‡∏ô‡πÄ‡∏ï‡∏≠‡πÄ‡∏ô‡∏ï‡πÑ‡∏°‡πà‡∏î‡∏µ ‡πÅ‡∏à‡πâ‡∏á‡∏ã‡πà‡∏≠‡∏°‡∏°‡∏≤‡∏™‡∏≤‡∏°‡∏ß‡∏±‡∏ô ‡∏ä‡πà‡∏≤‡∏á‡πÑ‡∏°‡πà‡∏™‡∏≤‡∏°‡∏≤‡∏£‡∏ñ‡∏°‡∏≤‡πÑ‡∏î‡πâ‡πÄ‡∏û‡∏£‡∏≤‡∏∞‡∏Ñ‡∏¥‡∏ß‡πÄ‡∏ï‡πá‡∏° ‡∏ó‡∏≥‡πÑ‡∏°‡∏ñ‡∏∂‡∏á‡∏≠‡πâ‡∏≤‡∏á‡∏≠‡∏¢‡πà‡∏≤‡∏á‡∏ô‡∏±‡πâ‡∏ô ‡∏ñ‡πâ‡∏≤‡∏ä‡πà‡∏≤‡∏á‡πÑ‡∏°‡πà‡∏û‡∏≠‡∏Å‡πá‡∏Ñ‡∏ß‡∏£‡∏à‡πâ‡∏≤‡∏á‡∏ä‡πà‡∏≤‡∏á‡∏Ñ‡∏£‡∏±‡∏ö ‡πÄ‡∏û‡∏∑‡πà‡∏≠‡∏õ‡∏£‡∏±‡∏ö‡∏õ‡∏£‡∏∏‡∏á‡∏Ñ‡∏∏‡∏ì‡∏†‡∏≤‡∏û‡∏ö‡∏£‡∏¥‡∏Å‡∏≤‡∏£‡∏Ç‡∏≠‡∏á‡∏Ñ‡∏∏‡∏ì‡πÉ‡∏´‡πâ‡∏î‡∏µ‡∏Å‡∏ß‡πà‡∏≤‡∏ô‡∏µ‡πâ
‡∏°‡∏≤‡πÄ‡∏•‡∏µ‡πâ‡∏¢‡∏á‡∏û‡∏µ‡πà‡∏´‡∏ô‡πà‡∏≠‡∏¢‡∏î‡∏¥‡πä,0,‡∏°‡∏≤‡πÄ‡∏•‡∏µ‡πâ‡∏¢‡∏á‡∏≠‡∏≤‡∏´‡∏≤‡∏£‡∏û‡∏µ‡πà‡∏´‡∏ô‡πà‡∏≠‡∏¢‡∏ô‡∏∞‡∏Ñ‡∏£‡∏±‡∏ö
‡∏Å‡∏¥‡∏ô‡πÄ‡∏à‡∏≠‡∏ö‡∏π‡∏ï‡∏∞‡∏Ñ‡∏≠‡∏£‡πå‡∏ô‡∏°‡∏µ‡∏Å‡∏•‡∏¥‡πà‡∏ô‡πÄ‡∏´‡∏°‡πá‡∏ô ‡πÅ‡∏¢‡πà‡∏™‡∏∏‡∏î‡πÜ ‡∏•‡∏≠‡∏á‡πÉ‡∏´‡πâ‡∏û‡∏ô‡∏±‡∏Å‡∏á‡∏≤‡∏ô‡∏ä‡∏¥‡∏° ‡∏£‡∏µ‡∏ö‡πÄ‡∏õ‡∏•‡∏µ‡πà‡∏¢‡∏ô‡∏°‡∏≤‡πÉ‡∏´‡πâ‡πÉ‡∏´‡∏°‡πà‡πÄ‡∏•‡∏¢ ‡∏Ç‡∏≠‡∏á‡∏™‡∏î‡∏à‡∏£‡∏¥‡∏á‡∏à‡πâ‡∏∞ - -,0,‡∏°‡∏µ‡∏Å‡∏•‡∏¥‡πà‡∏ô‡πÄ‡∏´‡∏°‡πá‡∏ô‡∏à‡∏≤‡∏Å‡∏ö‡∏π‡∏ï‡∏∞‡∏Ñ‡∏≠‡∏£‡πå‡∏ô‡∏ó‡∏µ‡πà‡∏ó‡∏≤‡∏á‡∏£‡πâ‡∏≤‡∏ô‡πÄ‡∏™‡∏¥‡∏£‡πå‡∏ü‡πÉ‡∏´‡πâ ‡∏™‡∏≤‡∏°‡∏≤‡∏£‡∏ñ‡∏Ç‡∏≠‡πÄ‡∏õ‡∏•‡∏µ‡πà‡∏¢‡∏ô‡∏™‡∏¥‡∏ô‡∏Ñ‡πâ‡∏≤‡πÉ‡∏´‡∏°‡πà‡πÑ‡∏î‡πâ‡∏Ñ‡πà‡∏∞ ‡∏≠‡∏≤‡∏´‡∏≤‡∏£‡∏™‡∏î‡∏à‡∏£‡∏¥‡∏á‡πÜ‡∏Ñ‡πà‡∏∞
‡πÉ‡∏Ñ‡∏£‡∏à‡∏∞‡πÉ‡∏à‡∏î‡∏µ‡∏Ç‡∏ô‡∏≤‡∏î‡∏ô‡∏±‡πâ‡∏ô‡πÄ‡∏û‡πâ‡∏≠‡πÄ‡∏à‡πâ‡∏≠,0,‡πÉ‡∏Ñ‡∏£‡∏ö‡πâ‡∏≤‡∏á‡∏ó‡∏µ‡πà‡∏à‡∏∞‡πÉ‡∏à‡∏î‡∏µ‡∏Ç‡∏ô‡∏≤‡∏î‡∏ô‡∏±‡πâ‡∏ô ‡πÑ‡∏°‡πà‡∏ô‡πà‡∏≤‡πÄ‡∏õ‡πá‡∏ô‡πÄ‡∏£‡∏∑‡πà‡∏≠‡∏á‡∏à‡∏£‡∏¥‡∏á
‡∏ó‡∏≤‡∏ô‡πÄ‡∏ú‡∏∑‡πà‡∏≠‡∏Å‡πâ‡∏≠‡∏ô‡∏î‡πâ‡∏ß‡∏¢‡∏ô‡πâ‡∏≤,0,‡∏ó‡∏≤‡∏ô‡πÄ‡∏ú‡∏∑‡πà‡∏≠‡∏Å‡πâ‡∏≠‡∏ô‡∏î‡πâ‡∏ß‡∏¢‡∏ô‡∏∞‡∏Ñ‡∏£‡∏±‡∏ö
‡∏ô‡∏≠‡∏Å‡∏à‡∏≤‡∏Å‡∏ó‡∏µ‡πà‡∏¢‡∏∑‡∏ô‡∏õ‡∏±‡∏™‡∏™‡∏ß‡∏∞‡∏™‡∏≥‡∏´‡∏£‡∏±‡∏ö‡∏ú‡∏π‡πâ‡∏´‡∏ç‡∏¥‡∏á‡πÅ‡∏•‡πâ‡∏ß ‡πÄ‡∏£‡∏≤‡∏Å‡πá‡∏¢‡∏±‡∏á‡∏à‡∏±‡∏ö‡πÑ‡∏î‡πâ u beer 1 ‡∏•‡∏±‡∏á ‡∏Ç‡∏≠‡∏Ç‡∏≠‡∏ö‡∏û‡∏£‡∏∞‡∏Ñ‡∏∏‡∏ì‡∏ö‡πâ‡∏≤‡∏ô‡∏á‡∏≤‡∏ô‡πÄ‡∏õ‡πá‡∏ô‡∏≠‡∏¢‡πà‡∏≤‡∏á‡∏™‡∏π‡∏á,0, ‡∏ô‡∏≠‡∏Å‡∏à‡∏≤‡∏Å‡∏≠‡∏∏‡∏õ‡∏Å‡∏£‡∏ì‡πå‡∏¢‡∏∑‡∏ô‡∏õ‡∏±‡∏™‡∏™‡∏ß‡∏∞‡∏™‡∏≥‡∏´‡∏£‡∏±‡∏ö‡∏ú‡∏π‡πâ‡∏´‡∏ç‡∏¥‡∏á‡πÅ‡∏•‡πâ‡∏ß ‡πÄ‡∏£‡∏≤‡∏Å‡πá‡∏¢‡∏±‡∏á‡∏à‡∏±‡∏ö‡πÑ‡∏î‡πâ u beer 1 ‡∏•‡∏±‡∏á ‡∏Ç‡∏≠‡∏Ç‡∏≠‡∏ö‡∏û‡∏£‡∏∞‡∏Ñ‡∏∏‡∏ì‡∏ö‡πâ‡∏≤‡∏ô‡∏á‡∏≤‡∏ô‡πÄ‡∏õ‡πá‡∏ô‡∏≠‡∏¢‡πà‡∏≤‡∏á‡∏™‡∏π‡∏á‡∏Ñ‡πà‡∏∞
‡∏™‡∏≤‡∏¢‡∏´‡∏ß‡∏≤‡∏ô‡∏ï‡πâ‡∏≠‡∏á‡∏°‡∏≤,0,‡∏Ñ‡∏ô‡∏´‡∏ß‡∏≤‡∏ô‡πÜ‡∏ï‡πâ‡∏≠‡∏á‡∏°‡∏≤
‡∏Ç‡∏ô‡∏≤‡∏î‡πÑ‡∏õ‡∏ã‡∏∑‡πâ‡∏≠‡∏™‡πÄ‡∏°‡∏≠‡∏ô‡∏≠‡∏ü‡πÄ‡∏ã‡πÄ‡∏ß‡πà‡∏ô‡πÄ‡∏Ç‡∏≤‡∏¢‡∏±‡∏á‡πÑ‡∏°‡πà‡∏Ç‡∏≤‡∏¢‡∏Å‡∏∏‡πÄ‡∏•‡∏¢ ‡πÄ‡∏û‡∏£‡∏≤‡∏∞‡∏Å‡∏∏‡πÑ‡∏õ‡∏ï‡∏≠‡∏ô‡∏ö‡πà‡∏≤‡∏¢ 3 ‡πÄ‡∏Ç‡∏≤‡∏Ç‡∏≤‡∏¢ 6 ‡πÇ‡∏°‡∏á ‡∏Å‡∏•‡∏±‡∏ö‡∏ö‡πâ‡∏≤‡∏ô‡∏°‡∏≤‡πÄ‡∏õ‡∏¥‡∏î‡∏ï‡∏π‡πâ‡πÄ‡∏¢‡πá‡∏ô‡∏°‡∏µ‡πÅ‡∏ï‡πà‡∏¢‡∏≤‡∏Ñ‡∏π‡∏•‡∏ó‡πå ‡πÇ‡∏°‡πÇ‡∏´‡∏°‡∏≤‡∏Å.,0,‡∏ú‡∏°‡πÑ‡∏õ‡∏ã‡∏∑‡πâ‡∏≠‡∏™‡πÄ‡∏°‡∏≠‡∏ô‡∏≠‡∏ü‡∏ó‡∏µ‡πà‡πÄ‡∏ã‡πÄ‡∏ß‡πà‡∏ô‡πÄ‡∏Ç‡∏≤‡∏Å‡πá‡∏¢‡∏±‡∏á‡πÑ‡∏°‡πà‡∏Ç‡∏≤‡∏¢‡∏ú‡∏°‡πÄ‡∏•‡∏¢ ‡πÄ‡∏û‡∏£‡∏≤‡∏∞‡∏ú‡∏°‡πÑ‡∏õ‡∏ï‡∏≠‡∏ô‡∏ö‡πà‡∏≤‡∏¢‡∏™‡∏≤‡∏°‡πÇ‡∏°‡∏á ‡πÄ‡πÄ‡∏ï‡πà‡∏ó‡∏≤‡∏á‡∏£‡πâ‡∏≤‡∏ô‡∏Ç‡∏≤‡∏¢‡∏´‡∏Å‡πÇ‡∏°‡∏á‡πÄ‡∏¢‡πá‡∏ô ‡∏ú‡∏°‡∏Å‡∏•‡∏±‡∏ö‡∏ö‡πâ‡∏≤‡∏ô‡∏°‡∏≤‡πÄ‡∏õ‡∏¥‡∏î‡∏ï‡∏π‡πâ‡πÄ‡∏¢‡πá‡∏ô ‡∏°‡∏µ‡πÅ‡∏ï‡πà‡∏¢‡∏≤‡∏Ñ‡∏π‡∏•‡∏ó‡πå ‡πÇ‡∏°‡πÇ‡∏´‡∏°‡∏≤‡∏Å
‡πÅ‡∏ï‡πà‡πÅ‡∏°‡πà‡∏á‡∏î‡∏π‡∏î‡∏™‡∏∞‡πÄ‡∏≠‡∏á ... ‡∏ö‡∏≤‡∏á‡∏Ñ‡∏ô‡πÄ‡∏≠‡∏≤‡πÑ‡∏õ‡∏ï‡∏±‡πâ‡∏á‡∏ö‡∏ô‡πÇ‡∏ï‡πä‡∏∞‡∏ó‡∏≥‡∏á‡∏≤‡∏ô‡∏ö‡∏≤‡∏á‡∏Ñ‡∏ô‡∏ô‡∏µ‡πà‡∏¢‡∏∑‡∏ô‡∏î‡∏π‡∏î‡∏´‡∏ô‡πâ‡∏≤‡πÇ‡∏£‡∏á‡∏û‡∏±‡∏Å ‡∏á‡∏á‡πÉ‡∏à‡∏Å‡∏∞‡∏û‡∏ß‡∏Å‡∏°‡∏±‡∏ô,0,‡∏û‡∏ß‡∏Å‡πÄ‡∏Ç‡∏≤‡πÄ‡∏™‡∏û‡∏¢‡∏≤‡πÄ‡∏™‡∏µ‡∏¢‡πÄ‡∏≠‡∏á ‡∏ö‡∏≤‡∏á‡∏Ñ‡∏ô‡πÄ‡∏≠‡∏≤‡πÑ‡∏õ‡∏ï‡∏±‡πâ‡∏á‡∏ö‡∏ô‡πÇ‡∏ï‡πä‡∏∞‡∏ó‡∏≥‡∏á‡∏≤‡∏ô ‡∏ö‡∏≤‡∏á‡∏Ñ‡∏ô‡∏ô‡∏µ‡πà‡∏¢‡∏∑‡∏ô‡πÄ‡∏™‡∏û‡∏´‡∏ô‡πâ‡∏≤‡πÇ‡∏£‡∏á‡∏û‡∏±‡∏Å ‡∏ú‡∏°‡∏™‡∏á‡∏™‡∏±‡∏¢‡∏Å‡∏≤‡∏£‡∏Å‡∏£‡∏∞‡∏ó‡∏≥‡∏Ç‡∏≠‡∏á‡∏û‡∏ß‡∏Å‡πÄ‡∏Ç‡∏≤‡∏à‡∏£‡∏¥‡∏á‡πÜ
‡∏Å‡∏≤‡∏ï‡πâ‡∏°‡∏ô‡πâ‡∏≥ :>,0,‡∏Å‡∏≤‡∏ï‡πâ‡∏°‡∏ô‡πâ‡∏≥
showdc ‡∏Ñ‡∏∑‡∏≠‡πÄ‡∏õ‡πá‡∏ô‡∏≠‡∏∞‡πÑ‡∏£‡∏ó‡∏µ‡πà‡πÑ‡∏õ‡∏¢‡∏≤‡∏Å‡πÄ‡∏´‡∏•‡∏∑‡∏≠‡πÄ‡∏Å‡∏¥‡∏ô‡∏û‡∏µ‡πà‡∏õ‡∏∏‡πâ‡∏°5555555555,0,showdc ‡πÄ‡∏î‡∏¥‡∏ô‡∏ó‡∏≤‡∏á‡πÑ‡∏õ‡∏¢‡∏≤‡∏Å‡πÄ‡∏´‡∏•‡∏∑‡∏≠‡πÄ‡∏Å‡∏¥‡∏ô ‡∏û‡∏µ‡πà‡∏õ‡∏∏‡πâ‡∏°
‡πÅ‡∏ï‡πà‡∏£‡∏≠‡∏ö‡∏ô‡∏µ‡πâ SKII aura ‡∏Å‡∏±‡∏ö spot essence Out of stock ‡∏™‡∏á‡∏™‡∏±‡∏¢‡∏ï‡πâ‡∏≠‡∏á‡πÄ‡∏™‡∏µ‡∏¢‡πÄ‡∏á‡∏¥‡∏ô‡πÑ‡∏õ‡∏ã‡∏∑‡πâ‡∏≠‡∏ó‡∏µ‡πà‡∏ç‡∏µ‡πà‡∏õ‡∏∏‡πà‡∏ô‡πÅ‡∏ó‡∏ô,0,‡πÅ‡∏ï‡πà‡∏£‡∏≠‡∏ö‡∏ô‡∏µ‡πâ SKII aura ‡∏Å‡∏±‡∏ö spot essence ‡∏™‡∏¥‡∏ô‡∏Ñ‡πâ‡∏≤‡∏´‡∏°‡∏î ‡∏™‡∏á‡∏™‡∏±‡∏¢‡∏ï‡πâ‡∏≠‡∏á‡πÄ‡∏™‡∏µ‡∏¢‡∏Ñ‡πà‡∏≤‡πÄ‡∏î‡∏¥‡∏ô‡∏ó‡∏≤‡∏á‡πÑ‡∏õ‡∏ã‡∏∑‡πâ‡∏≠‡∏ó‡∏µ‡πà‡∏ç‡∏µ‡πà‡∏õ‡∏∏‡πà‡∏ô‡πÅ‡∏ó‡∏ô
‡πÄ‡∏´‡πá‡∏ô‡∏£‡∏µ‡∏ß‡∏¥‡∏ß‡∏≠‡∏≤‡∏¢‡πÑ‡∏•‡πÄ‡∏ô‡∏≠‡∏£‡πå‡πÅ‡∏Ñ‡∏ó‡∏ß‡∏≠‡∏ô‡∏î‡∏µ‡πÅ‡∏•‡πâ‡∏ß‡∏ï‡∏•‡∏Å ‡πÄ‡∏Å‡∏¥‡∏î‡∏≠‡∏∏‡∏ö‡∏±‡∏ï‡∏¥‡πÄ‡∏´‡∏ï‡∏∏‡∏£‡∏ñ‡∏°‡∏≤‡∏™‡∏Ñ‡∏≤‡∏£‡πà‡∏≤‡πÑ‡∏õ‡πÅ‡∏•‡πâ‡∏ß‡πÅ‡∏ï‡πà‡∏≠‡∏≤‡∏¢‡πÑ‡∏•‡πÄ‡∏ô‡∏≠‡∏£‡πå‡∏¢‡∏±‡∏á‡∏≠‡∏¢‡∏π‡πà ‡∏õ‡∏£‡∏∞‡πÄ‡∏î‡πá‡∏ô‡∏Ñ‡∏∑‡∏≠‡πÅ‡∏ô‡∏ö‡∏£‡∏π‡∏õ‡∏î‡πâ‡∏ß‡∏¢‡∏≠‡∏µ‡πÄ‡∏´‡∏µ‡πâ‡∏¢5555555555555555555,0,‡πÄ‡∏´‡πá‡∏ô‡∏£‡∏µ‡∏ß‡∏¥‡∏ß‡∏≠‡∏≤‡∏¢‡πÑ‡∏•‡πÄ‡∏ô‡∏≠‡∏£‡πå‡πÅ‡∏Ñ‡∏ó‡∏ß‡∏≠‡∏ô‡∏î‡∏µ‡πÅ‡∏•‡πâ‡∏ß‡∏£‡∏π‡πâ‡∏™‡∏∂‡∏Å‡πÄ‡πÄ‡∏õ‡∏•‡∏Å‡∏î‡∏µ ‡πÄ‡∏Å‡∏¥‡∏î‡∏≠‡∏∏‡∏ö‡∏±‡∏ï‡∏¥‡πÄ‡∏´‡∏ï‡∏∏‡∏£‡∏ñ‡∏°‡∏≤‡∏™‡∏Ñ‡∏≤‡∏£‡πà‡∏≤‡πÑ‡∏õ‡πÅ‡∏•‡πâ‡∏ß‡πÅ‡∏ï‡πà‡∏≠‡∏≤‡∏¢‡πÑ‡∏•‡πÄ‡∏ô‡∏≠‡∏£‡πå‡∏¢‡∏±‡∏á‡∏≠‡∏¢‡∏π‡πà ‡∏ó‡∏µ‡πà‡∏™‡∏≥‡∏Ñ‡∏±‡∏ç‡∏Ñ‡∏∑‡∏≠‡πÄ‡πÄ‡∏ô‡∏ö‡∏£‡∏π‡∏õ‡∏°‡∏≤‡∏î‡πâ‡∏ß‡∏¢
‡πÑ‡∏î‡πâ‡∏à‡πâ‡∏≤‡πÄ‡∏î‡πá‡∏Å‡πÇ‡∏Ç‡πà‡∏á,0,‡πÑ‡∏î‡πâ‡∏à‡πâ‡∏≤‡∏ô‡∏±‡∏Å‡πÄ‡∏£‡∏µ‡∏¢‡∏ô
‡∏Å‡∏π‡∏Ñ‡∏ô‡πÄ‡∏î‡∏µ‡∏¢‡∏ß‡∏õ‡πâ‡∏∞‡∏ó‡∏µ‡πà‡πÉ‡∏ä‡πâmamonde 23‡∏•‡∏∞‡∏≠‡∏≠‡∏Å‡∏ä‡∏°‡∏û‡∏π‡πÅ‡∏õ‡∏£‡πã‡∏ô‡∏≠‡∏¢‡∏π‡πà‡∏Ñ‡∏ô‡πÄ‡∏î‡∏µ‡∏¢‡∏ß ‡∏ó‡∏≥‡πÑ‡∏°‡∏°‡∏±‡∏ô‡πÑ‡∏°‡πà‡∏ï‡∏∏‡πà‡∏ô‡πÄ‡∏´‡∏°‡∏∑‡∏≠‡∏ô‡∏ä‡∏≤‡∏ß‡∏ö‡πâ‡∏≤‡∏ô‡πÄ‡∏Ç‡∏≤‡∏ö‡πâ‡∏≤‡∏á‡∏á‡∏á‡∏á!!!!!!,0,‡∏â‡∏±‡∏ô‡∏Ñ‡∏ô‡πÄ‡∏î‡∏µ‡∏¢‡∏ß‡∏´‡∏£‡∏∑‡∏≠‡∏õ‡∏•‡πà‡∏≤‡∏ß ‡∏ó‡∏µ‡πà‡πÉ‡∏ä‡πâ mamonde 23 ‡πÅ‡∏•‡πâ‡∏ß‡∏™‡∏µ‡∏≠‡∏≠‡∏Å‡∏ä‡∏°‡∏û‡∏π‡∏™‡∏î‡∏≠‡∏¢‡∏π‡πà‡∏Ñ‡∏ô‡πÄ‡∏î‡∏µ‡∏¢‡∏ß ‡∏ó‡∏≥‡πÑ‡∏°‡∏ñ‡∏∂‡∏á‡πÑ‡∏°‡πà‡∏°‡∏µ‡∏™‡∏µ‡πÄ‡∏Ç‡πâ‡∏°‡πÄ‡∏´‡∏°‡∏∑‡∏≠‡∏ô‡∏Ñ‡∏ô‡∏≠‡∏∑‡πà‡∏ô‡∏ö‡πâ‡∏≤‡∏á
‡∏≠‡πâ‡∏ß‡∏ô ‡∏û‡∏≠‡πÅ‡∏•‡πâ‡∏ß‡∏ô‡∏∞! ‡∏ß‡∏±‡∏ô‡∏à‡∏±‡∏ô‡∏ó‡∏£‡πå‡∏Å‡πá‡πÑ‡∏î‡πâ‡∏ô‡∏∞ 555555555,0,‡πÄ‡∏ò‡∏≠ ‡∏û‡∏≠‡πÅ‡∏•‡πâ‡∏ß‡∏ô‡∏∞! ‡∏ß‡∏±‡∏ô‡∏à‡∏±‡∏ô‡∏ó‡∏£‡πå‡∏Å‡πá‡πÑ‡∏î‡πâ‡∏ô‡∏∞
‡πÄ‡∏≠‡πä‡∏Å‡πÄ‡∏ó‡∏•‡∏Å‡πá‡πÑ‡∏ü‡∏ü‡πâ‡∏≤‡∏ô‡∏∞ ‡πÄ‡∏Ç‡∏≤‡∏Ñ‡∏á‡πÄ‡∏≠‡∏≤‡∏°‡∏≤‡∏•‡∏á‡∏ï‡∏±‡∏ß‡∏ô‡∏µ‡πâ‡∏î‡πâ‡∏ß‡∏¢‡∏°‡∏±‡πâ‡∏á,0,‡πÄ‡∏≠‡πä‡∏Å‡πÄ‡∏ó‡∏•‡∏Å‡πá‡πÑ‡∏ü‡∏ü‡πâ‡∏≤‡∏ô‡∏∞‡∏Ñ‡∏£‡∏±‡∏ö ‡πÄ‡∏Ç‡∏≤‡∏Ñ‡∏á‡πÄ‡∏≠‡∏≤‡∏°‡∏≤‡πÉ‡∏ä‡πâ‡∏Å‡∏±‡∏ö‡∏£‡∏∏‡πà‡∏ô‡∏ô‡∏µ‡πâ‡∏î‡πâ‡∏ß‡∏¢
‡∏à‡∏≥‡∏Å‡∏±‡∏î‡πÄ‡∏ß‡∏•‡∏≤‡∏õ‡∏∞,0,‡∏à‡∏≥‡∏Å‡∏±‡∏î‡πÄ‡∏ß‡∏•‡∏≤‡πÑ‡∏´‡∏°
‡∏ó‡∏≥‡πÑ‡∏°‡∏Æ‡∏≠‡∏ó‡∏û‡∏≠‡∏ó‡πÑ‡∏°‡πà‡∏°‡∏µ‡∏Å‡∏∏‡πâ‡∏á‡∏Ñ‡∏∞,0,‡∏ó‡∏≥‡πÑ‡∏°‡∏Æ‡∏≠‡∏ó‡∏û‡∏≠‡∏ó ‡∏ñ‡∏∂‡∏á‡πÑ‡∏°‡πà‡πÄ‡∏™‡∏¥‡∏£‡πå‡∏ü‡πÄ‡∏°‡∏ô‡∏π‡∏Å‡∏∏‡πâ‡∏á‡∏Ñ‡∏∞
‡∏ñ‡πâ‡∏≤‡∏°‡∏µ‡πÅ‡∏•‡∏∞‡πÑ‡∏°‡πà‡∏ö‡∏£‡∏¥‡∏à‡∏≤‡∏Ñ‡∏ô‡∏∞‡πÑ‡∏≠‡πÄ‡∏´‡∏µ‡πâ‡∏¢‡∏°‡∏∂‡∏á‡πÄ‡∏à‡∏≠‡πÄ‡∏•‡∏¢,0,‡∏ñ‡πâ‡∏≤‡∏°‡∏µ‡πÄ‡πÄ‡∏ï‡πà‡πÑ‡∏°‡πà‡∏¢‡∏≠‡∏°‡∏ö‡∏£‡∏¥‡∏à‡∏≤‡∏Ñ ‡∏ú‡∏°‡∏à‡∏∞‡∏ó‡∏≥‡∏£‡πâ‡∏≤‡∏¢‡∏Ñ‡∏∏‡∏ì‡∏ô‡∏∞‡∏Ñ‡∏£‡∏±‡∏ö
‡πÑ‡∏°‡πà‡πÑ‡∏î‡πâ‡∏≠‡∏¢‡∏≤‡∏Å‡∏Å‡∏¥‡∏ô. ‡πÅ‡∏Ñ‡πà‡πÉ‡∏´‡πâ‡∏î‡∏π‡πÄ‡∏â‡∏¢‡πÜ ‡∏ß‡πà‡∏≤‡∏°‡∏≤ 4 ‡∏à‡πà‡∏≤‡∏¢ 3. ‡∏ó‡∏µ‡πà Hot pot Buffet. ‡∏ó‡∏µ‡πà‡πÄ‡∏ã‡∏ô‡∏ó‡∏£‡∏±‡∏•‡πÄ‡∏ß‡∏™‡πÄ‡∏Å‡∏ï‡∏Å‡πá‡∏°‡∏µ‡∏ô‡∏∞,0,‡πÑ‡∏°‡πà‡πÑ‡∏î‡πâ‡∏≠‡∏¢‡∏≤‡∏Å‡∏Å‡∏¥‡∏ô‡∏Ñ‡∏£‡∏±‡∏ö ‡πÅ‡∏Ñ‡πà‡πÉ‡∏´‡πâ‡∏î‡∏π‡πÄ‡∏â‡∏¢‡πÜ ‡∏ß‡πà‡∏≤‡πÇ‡∏õ‡∏£‡πÇ‡∏°‡∏ä‡∏±‡∏ô‡∏°‡∏≤ 4 ‡∏à‡πà‡∏≤‡∏¢ 3. ‡∏ó‡∏µ‡πà Hot pot Buffet. ‡∏ó‡∏µ‡πà‡πÄ‡∏ã‡∏ô‡∏ó‡∏£‡∏±‡∏•‡πÄ‡∏ß‡∏™‡πÄ‡∏Å‡∏ï‡∏Å‡πá‡∏°‡∏µ‡∏ô‡∏∞‡∏Ñ‡∏£‡∏±‡∏ö
‡πÇ‡∏´...‡πÄ‡∏≠‡∏≤‡πÑ‡∏õ‡πÄ‡∏Å‡πá‡∏ö‡∏≠‡∏µ‡∏Å‡∏´‡∏£‡∏≤,0,‡πÄ‡∏≠‡∏≤‡πÑ‡∏õ‡∏™‡∏∞‡∏™‡∏°‡πÄ‡∏´‡∏£‡∏≠‡∏Ñ‡∏∞
‡∏î‡∏π‡∏à‡∏≤‡∏Å‡∏£‡∏∞‡∏¢‡∏∞‡∏ó‡∏≤‡∏á‡πÅ‡∏•‡πâ‡∏ß ‡∏û‡∏£‡∏∏‡πà‡∏á‡∏ô‡∏µ‡πâ ‡∏ô‡πà‡∏≤‡∏à‡∏∞‡∏à‡∏ö‡πÄ‡∏ã‡∏ó‡∏™‡∏∏‡∏î‡∏ó‡πâ‡∏≤‡∏¢ ‡∏ó‡∏µ‡πà ‡πÇ‡∏£‡∏á‡∏á‡∏≤‡∏ô‡πÄ‡∏ö‡∏µ‡∏¢‡∏£‡πå‡∏ä‡πâ‡∏≤‡∏á ‡πÅ‡∏ñ‡∏ß‡πÇ‡∏Ñ‡πâ‡∏á‡∏ß‡∏¥‡πÑ‡∏•,0,‡∏î‡∏π‡∏à‡∏≤‡∏Å‡∏£‡∏∞‡∏¢‡∏∞‡∏ó‡∏≤‡∏á‡πÅ‡∏•‡πâ‡∏ß ‡∏û‡∏£‡∏∏‡πà‡∏á‡∏ô‡∏µ‡πâ ‡∏ô‡πà‡∏≤‡∏à‡∏∞‡∏à‡∏ö‡πÄ‡∏ã‡∏ó‡∏™‡∏∏‡∏î‡∏ó‡πâ‡∏≤‡∏¢ ‡∏ó‡∏µ‡πà ‡πÇ‡∏£‡∏á‡∏á‡∏≤‡∏ô‡πÄ‡∏ö‡∏µ‡∏¢‡∏£‡πå‡∏ä‡πâ‡∏≤‡∏á ‡πÅ‡∏ñ‡∏ß‡πÇ‡∏Ñ‡πâ‡∏á‡∏ß‡∏¥‡πÑ‡∏•‡∏ï‡∏Ñ‡∏£‡∏±‡∏ö
‡∏´‡∏¥‡∏ß‡∏à‡∏±‡∏á‡∏á,0,‡∏´‡∏¥‡∏ß‡∏Ñ‡πà‡∏∞
‡∏î‡∏∂‡∏á‡∏≠‡∏≠‡∏Å‡∏°‡∏≤‡∏õ‡∏∏‡πä‡∏ö ‡∏¢‡∏Å‡∏ã‡∏î‡πÄ‡∏•‡∏¢‡πÄ‡∏´‡∏°‡∏∑‡∏≠‡∏ô‡∏•‡∏≤‡∏ö‡πÄ‡∏•‡∏∑‡∏≠‡∏î555 ‡πÄ‡∏´‡πá‡∏ô‡∏ß‡∏¥‡∏ò‡∏µ‡πÉ‡∏™‡πà‡πÅ‡∏•‡πâ‡∏ß‡∏•‡∏≥‡∏ö‡∏≤‡∏Å‡∏≠‡∏∞ ‡∏Ç‡∏ô‡∏≤‡∏î‡∏ú‡πâ‡∏≤‡∏≠‡∏ô‡∏≤‡∏°‡∏±‡∏¢‡πÅ‡∏ö‡∏ö‡∏™‡∏≠‡∏î‡∏¢‡∏±‡∏á‡∏£‡∏≥‡∏Ñ‡∏≤‡∏ô‡∏≠‡∏±‡∏ô‡∏ô‡∏µ‡πâ‡∏ô‡πà‡∏≤‡∏à‡∏∞‡∏´‡∏ô‡∏±‡∏Å‡∏ß‡πà‡∏≤ ‡πÄ‡∏´‡∏°‡∏∑‡∏≠‡∏ô‡∏≠‡∏∞‡πÑ‡∏£‡∏Ñ‡∏≤‡∏´‡∏≠‡∏¢üòÇ,0,‡∏î‡∏∂‡∏á‡∏≠‡∏≠‡∏Å‡∏°‡∏≤‡πÄ‡πÄ‡∏•‡πâ‡∏ß ‡πÄ‡∏´‡∏°‡∏∑‡∏≠‡∏ô‡∏à‡∏∞‡∏î‡∏∑‡πà‡∏°‡πÑ‡∏î‡πâ‡πÄ‡∏•‡∏¢ ‡πÄ‡∏´‡πá‡∏ô‡∏ß‡∏¥‡∏ò‡∏µ‡πÉ‡∏™‡πà‡πÅ‡∏•‡πâ‡∏ß‡∏£‡∏π‡πâ‡∏™‡∏∂‡∏Å‡∏•‡∏≥‡∏ö‡∏≤‡∏Å ‡∏Ç‡∏ô‡∏≤‡∏î‡∏ú‡πâ‡∏≤‡∏≠‡∏ô‡∏≤‡∏°‡∏±‡∏¢‡πÅ‡∏ö‡∏ö‡∏™‡∏≠‡∏î‡∏¢‡∏±‡∏á‡∏•‡∏≥‡∏ö‡∏≤‡∏Å ‡∏≠‡∏±‡∏ô‡∏ô‡∏µ‡πâ‡∏ô‡πà‡∏≤‡∏à‡∏∞‡∏•‡∏≥‡∏ö‡∏≤‡∏Å‡∏Å‡∏ß‡πà‡∏≤
‡πÄ‡∏Ñ‡∏¢‡πÑ‡∏õ‡∏•‡∏≠‡∏á eyeliner ‡∏Ç‡∏≠‡∏á kat von d ‡πÅ‡∏•‡πâ‡∏ß ‡∏Å‡πá‡πÑ‡∏°‡πà‡πÑ‡∏î‡πâ‡∏Ç‡∏ô‡∏≤‡∏î‡∏ô‡∏±‡πâ‡∏ô‡∏≠‡πà‡∏∞ ‡∏Æ‡∏∑‡πà‡∏≠ ‡πÅ‡∏ï‡πà eyelid ‡πÄ‡∏£‡∏≤‡∏°‡∏±‡∏ô‡∏°‡∏≤‡∏Å ‡∏•‡∏∞‡∏Å‡πâ‡∏ô‡πâ‡∏≥‡∏ï‡∏≤‡πÑ‡∏´‡∏•‡∏ö‡πà‡∏≠‡∏¢,0,‡πÄ‡∏Ñ‡∏¢‡πÑ‡∏õ‡∏•‡∏≠‡∏á eyeliner ‡∏Ç‡∏≠‡∏á kat von d ‡πÅ‡∏•‡πâ‡∏ß ‡∏õ‡∏£‡∏∞‡∏ó‡∏±‡∏ö‡πÉ‡∏à‡πÅ‡∏Ñ‡πà‡∏û‡∏≠‡∏õ‡∏£‡∏∞‡∏°‡∏≤‡∏ì ‡πÅ‡∏ï‡πà eyelid ‡∏°‡∏±‡∏ô‡∏°‡∏≤‡∏Å ‡πÄ‡πÄ‡∏•‡∏∞‡∏ó‡∏≥‡πÉ‡∏´‡πâ‡∏ô‡πâ‡∏≥‡∏ï‡∏≤‡πÑ‡∏´‡∏•‡∏ö‡πà‡∏≠‡∏¢
‡πÄ‡∏î‡πã‡∏ß‡∏Ñ‡πà‡∏≠‡∏¢‡πÄ‡∏•‡∏∑‡∏≠‡∏Å‡∏•‡∏∞‡∏Å‡∏±‡∏ô‡∏ô,0,‡∏¢‡∏±‡∏á‡πÑ‡∏°‡πà‡πÄ‡∏•‡∏∑‡∏≠‡∏Å‡πÄ‡πÄ‡∏•‡πâ‡∏ß‡∏Å‡∏±‡∏ô
‡∏à‡∏∞‡πÑ‡∏õ‡∏Ç‡∏≤‡∏¢‡∏™‡∏ï‡∏≠‡∏ß‡∏±‡∏ô‡∏≠‡∏≤‡∏ó‡∏¥‡∏ï‡∏¢‡πå‡∏•‡∏∞,0,‡∏à‡∏∞‡πÑ‡∏õ‡∏Ç‡∏≤‡∏¢‡∏™‡∏ï‡∏≠‡∏ß‡∏±‡∏ô‡∏≠‡∏≤‡∏ó‡∏¥‡∏ï‡∏¢‡πå‡πÅ‡∏•‡πâ‡∏ß
‡∏£‡∏µ‡∏•‡πà‡∏≤‡∏ä‡∏≤‡∏ä‡∏µ‡∏™‡πÄ‡∏≠‡πá‡∏°‡πÄ‡∏Ñ‡∏Ñ‡∏∑‡∏≠‡πÄ‡∏•‡∏µ‡πà‡∏¢‡∏ô‡∏°‡∏≤‡∏Å ‡∏Å‡∏¥‡∏ô‡πÑ‡∏õ‡∏Ñ‡∏£‡∏∂‡πà‡∏á‡πÅ‡∏Å‡πâ‡∏ß‡∏à‡∏∞‡∏≠‡πâ‡∏ß‡∏Å,0,‡∏£‡∏µ‡∏•‡πà‡∏≤‡∏ä‡∏≤‡∏ä‡∏µ‡∏™‡πÄ‡∏≠‡πá‡∏°‡πÄ‡∏Ñ‡πÄ‡∏•‡∏µ‡πà‡∏¢‡∏ô‡∏°‡∏≤‡∏Å‡∏Ñ‡∏£‡∏±‡∏ö ‡∏Å‡∏¥‡∏ô‡πÑ‡∏õ‡∏Ñ‡∏£‡∏∂‡πà‡∏á‡πÅ‡∏Å‡πâ‡∏ß‡πÅ‡∏•‡πâ‡∏ß‡∏£‡∏π‡πâ‡∏™‡∏∂‡∏Å‡∏≠‡∏¢‡∏≤‡∏Å‡∏≠‡∏≤‡πÄ‡∏à‡∏µ‡∏¢‡∏ô
‡∏≠‡∏≤‡∏ö‡∏ô‡πâ‡∏≥‡∏Å‡πà‡∏≠‡∏ô ‡∏£‡∏≠‡∏Å‡∏¥‡∏ô‡∏ö‡∏≤‡∏ö‡∏µ‡∏Å‡πâ‡∏≠‡∏ô‡∏Å‡∏±‡∏ô‡∏ô‡∏∞ ‡πÄ‡∏ï‡∏£‡∏µ‡∏¢‡∏°‡∏ï‡∏±‡∏ß‡∏£‡∏≠,0,‡∏ú‡∏°‡∏Ç‡∏≠‡∏≠‡∏≤‡∏ö‡∏ô‡πâ‡∏≥‡∏Å‡πà‡∏≠‡∏ô‡∏Ñ‡∏£‡∏±‡∏ö ‡∏Ñ‡∏∏‡∏ì‡πÄ‡∏ï‡∏£‡∏µ‡∏¢‡∏°‡∏ï‡∏±‡∏ß‡∏£‡∏≠‡∏Å‡∏¥‡∏ô‡∏ö‡∏≤‡∏ö‡∏µ‡∏Å‡πâ‡∏≠‡∏ô‡∏Å‡∏±‡∏ô‡∏ô‡∏∞‡∏Ñ‡∏£‡∏±‡∏ö 
‡∏≠‡∏¢‡πà‡∏≤‡πÉ‡∏´‡πâ‡∏Ñ‡∏•‡∏≠‡∏î‡∏Å‡πà‡∏≠‡∏ô‡πÄ‡∏î‡πâ‡∏≠55555,0,‡∏≠‡∏¢‡πà‡∏≤‡πÉ‡∏´‡πâ‡∏Ñ‡∏•‡∏≠‡∏î‡∏Å‡πà‡∏≠‡∏ô‡∏ô‡∏∞‡∏Ñ‡∏∞
‡∏°‡∏≤‡∏ó‡∏≤‡∏ô‡∏™‡∏≤‡∏Ç‡∏≤‡πÇ‡∏•‡∏ï‡∏±‡∏™‡∏ö‡∏≤‡∏á‡∏õ‡∏∞‡∏≠‡∏¥‡∏ô ‡∏ú‡∏¥‡∏î‡∏´‡∏ß‡∏±‡∏á‡∏Å‡∏±‡∏ö‡∏´‡∏°‡∏µ‡πà‡∏´‡∏¢‡∏Å‡∏°‡∏≤‡∏Å ‡πÄ‡∏™‡πâ‡∏ô‡πÄ‡∏•‡∏∞‡∏ô‡∏¥‡πà‡∏°‡πÅ‡∏•‡∏∞‡πÑ‡∏°‡πà‡πÄ‡∏Å‡∏≤‡∏∞‡∏Å‡∏±‡∏ô‡πÄ‡∏õ‡πá‡∏ô‡∏Å‡πâ‡∏≠‡∏ô ‡∏™‡∏±‡πà‡∏á‡πÄ‡∏õ‡πá‡∏î‡∏Å‡∏±‡∏ö‡∏´‡∏°‡∏π‡∏Å‡∏£‡∏≠‡∏ö ‡πÅ‡∏ï‡∏á‡∏Å‡∏ß‡∏≤‡∏Å‡πá‡∏ß‡∏≤‡∏á‡πÑ‡∏õ‡πÄ‡∏Å‡∏∑‡∏≠‡∏ö‡∏Ñ‡∏£‡∏∂‡πà‡∏á‡∏à‡∏≤‡∏ô ‡∏à‡∏∞‡∏™‡∏±‡πà‡∏á‡∏ä‡∏∏‡∏î‡∏ä‡∏µ‡∏™‡∏ã‡∏µ‡πä‡∏î‡πÅ‡∏ã‡πà‡∏ö ‡∏û‡∏ô‡∏á.‡∏ö‡∏≠‡∏Å‡∏ô‡πâ‡∏≥‡∏ã‡∏∏‡∏õ‡∏ï‡πâ‡∏°‡∏¢‡∏≥‡∏´‡∏°‡∏î ‡∏ô‡∏µ‡πà‡∏°‡∏≤‡∏ó‡∏≤‡∏ô‡∏£‡πâ‡∏≤‡∏ô‡∏Å‡πá‡πÄ‡∏û‡∏¥‡πà‡∏á‡πÄ‡∏õ‡∏¥‡∏î‡πÑ‡∏õ‡∏ä‡∏°.‡∏Å‡∏ß‡πà‡∏≤‡πÜ ‡∏ô‡πâ‡∏≥‡∏ã‡∏∏‡∏õ‡∏´‡∏°‡∏î? ‡∏ú‡∏¥‡∏î‡∏´‡∏ß‡∏±‡∏á‡∏Å‡∏±‡∏ö‡∏™‡∏≤‡∏Ç‡∏≤‡∏ô‡∏µ‡πâ‡∏°‡∏≤‡∏Å‡πÜ‡∏Ñ‡πà‡∏∞,0,‡∏â‡∏±‡∏ô‡∏°‡∏≤‡∏ó‡∏≤‡∏ô‡∏™‡∏≤‡∏Ç‡∏≤‡πÇ‡∏•‡∏ï‡∏±‡∏™‡∏ö‡∏≤‡∏á‡∏õ‡∏∞‡∏≠‡∏¥‡∏ô ‡∏ú‡∏¥‡∏î‡∏´‡∏ß‡∏±‡∏á‡∏Å‡∏±‡∏ö‡∏´‡∏°‡∏µ‡πà‡∏´‡∏¢‡∏Å‡∏°‡∏≤‡∏Å‡∏Ñ‡πà‡∏∞ ‡πÄ‡∏™‡πâ‡∏ô‡πÄ‡∏•‡∏∞‡∏ô‡∏¥‡πà‡∏°‡πÅ‡∏•‡∏∞‡πÑ‡∏°‡πà‡πÄ‡∏Å‡∏≤‡∏∞‡∏Å‡∏±‡∏ô‡πÄ‡∏õ‡πá‡∏ô‡∏Å‡πâ‡∏≠‡∏ô‡πÄ‡∏•‡∏¢‡∏Ñ‡πà‡∏∞ ‡∏™‡∏±‡πà‡∏á‡πÄ‡∏õ‡πá‡∏î‡∏Å‡∏±‡∏ö‡∏´‡∏°‡∏π‡∏Å‡∏£‡∏≠‡∏ö ‡πÅ‡∏ï‡πà‡πÑ‡∏î‡πâ‡πÅ‡∏ï‡∏á‡∏Å‡∏ß‡∏≤‡∏ß‡∏≤‡∏á‡πÑ‡∏õ‡πÄ‡∏Å‡∏∑‡∏≠‡∏ö‡∏Ñ‡∏£‡∏∂‡πà‡∏á‡∏à‡∏≤‡∏ô ‡∏à‡∏∞‡∏™‡∏±‡πà‡∏á‡∏ä‡∏∏‡∏î‡∏ä‡∏µ‡∏™‡∏ã‡∏µ‡πä‡∏î‡πÅ‡∏ã‡πà‡∏ö ‡∏û‡∏ô‡∏±‡∏Å‡∏á‡∏≤‡∏ô‡∏ö‡∏≠‡∏Å‡∏ß‡πà‡∏≤‡∏ô‡πâ‡∏≥‡∏ã‡∏∏‡∏õ‡∏ï‡πâ‡∏°‡∏¢‡∏≥‡∏´‡∏°‡∏î ‡∏â‡∏±‡∏ô‡∏°‡∏≤‡∏ó‡∏≤‡∏ô‡∏£‡πâ‡∏≤‡∏ô‡∏Å‡πá‡πÄ‡∏û‡∏¥‡πà‡∏á‡πÄ‡∏õ‡∏¥‡∏î‡πÑ‡∏õ‡∏ä‡∏±‡πà‡∏ß‡πÇ‡∏°‡∏á‡∏Å‡∏ß‡πà‡∏≤ ‡πÜ ‡∏ó‡∏≥‡πÑ‡∏°‡∏ô‡πâ‡∏≥‡∏ã‡∏∏‡∏õ‡∏´‡∏°‡∏î‡∏´‡∏£‡∏≠‡∏Ñ‡∏∞ ‡∏ú‡∏¥‡∏î‡∏´‡∏ß‡∏±‡∏á‡∏Å‡∏±‡∏ö‡∏™‡∏≤‡∏Ç‡∏≤‡∏ô‡∏µ‡πâ‡∏°‡∏≤‡∏Å ‡πÜ ‡∏Ñ‡πà‡∏∞
‡πÑ‡∏°‡πà‡∏ó‡∏±‡∏ô‡πÅ‡∏•‡πâ‡∏ß,0,‡∏Ñ‡∏∏‡∏ì‡∏°‡∏≤‡πÑ‡∏°‡πà‡∏ó‡∏±‡∏ô‡πÅ‡∏•‡πâ‡∏ß‡∏Ñ‡πà‡∏∞
‡∏ô‡∏∏‡πà‡∏ô‡∏Å‡πá‡πÄ‡∏ä‡πà‡∏ô‡∏Å‡∏±‡∏ô,0,‡∏ô‡∏∏‡πà‡∏ô‡∏Å‡πá‡πÄ‡∏ä‡πà‡∏ô‡∏Å‡∏±‡∏ô‡∏Ñ‡πà‡∏∞
‡∏°‡∏±‡∏ô‡∏Ñ‡∏∑‡∏≠‡πÄ‡∏£‡∏∑‡πà‡∏≠‡∏á‡πÄ‡∏á‡∏¥‡∏ô‡∏à‡∏≤‡∏Å‡∏†‡∏≤‡∏©‡∏µ‡∏¢‡∏≤‡∏™‡∏π‡∏ö ‡∏•‡πâ‡∏ß‡∏ô‡πÜ ‡πÑ‡∏°‡πà‡∏°‡∏µ‡∏≠‡∏∞‡πÑ‡∏£‡∏ú‡∏™‡∏°‡πÄ‡∏•‡∏¢,0,‡∏ó‡∏±‡πâ‡∏á‡∏´‡∏°‡∏î‡∏Ñ‡∏∑‡∏≠‡πÄ‡∏£‡∏∑‡πà‡∏≠‡∏á‡πÄ‡∏á‡∏¥‡∏ô‡∏à‡∏≤‡∏Å‡∏†‡∏≤‡∏©‡∏µ‡∏¢‡∏≤‡∏™‡∏π‡∏ö‡∏•‡πâ‡∏ß‡∏ô ‡πÜ ‡∏Ñ‡∏£‡∏±‡∏ö 
‡∏≠‡∏£‡πä‡∏≤‡∏¢‡∏¢ !! ‡∏õ‡∏¥‡∏î‡∏£‡πâ‡∏≤‡∏ô‡πÑ‡∏õ‡∏Ñ‡∏£‡∏∂‡πà‡∏á‡∏ô‡∏∂‡∏á‡πÅ‡∏•‡πâ‡∏ß‡∏Ñ‡πà‡∏∞ üòò,0,‡∏â‡∏±‡∏ô‡∏õ‡∏¥‡∏î‡∏£‡πâ‡∏≤‡∏ô‡πÑ‡∏õ‡∏Ñ‡∏£‡∏∂‡πà‡∏á‡∏´‡∏ô‡∏∂‡πà‡∏á‡πÅ‡∏•‡πâ‡∏ß‡∏Ñ‡πà‡∏∞ 
‡πÑ‡∏°‡πà‡πÜ‡∏ó‡∏µ‡πà‡∏õ‡∏•‡∏≠‡∏Å‡∏°‡∏±‡∏ô‡∏≠‡∏∞,0,‡πÑ‡∏°‡πà‡πÉ‡∏ä‡πà‡∏Ñ‡∏£‡∏±‡∏ö ‡∏ó‡∏µ‡πà‡∏õ‡∏•‡∏≠‡∏Å‡∏Ç‡∏≠‡∏á‡∏°‡∏±‡∏ô‡∏ï‡πà‡∏≤‡∏á‡∏´‡∏≤‡∏Å‡∏Ñ‡∏£‡∏±‡∏ö
‡∏Ñ‡∏£‡∏µ‡∏°‡∏Å‡∏£‡∏∞‡∏à‡∏≠‡∏Å‡∏ï‡∏≤‡∏°‡∏ï‡∏•‡∏≤‡∏î‡∏ô‡∏±‡∏î‡πÑ‡∏°‡πà‡πÄ‡∏Ñ‡∏¢‡∏ã‡∏∑‡πâ‡∏≠‡πÄ‡∏•‡∏¢‡∏ñ‡πâ‡∏≤‡πÄ‡∏õ‡∏ô‡∏û‡∏ß‡∏Å‡∏Å‡∏≤‡∏£‡πå‡∏ô‡∏¥‡πÄ‡∏¢‡πà‡∏•‡∏≠‡∏•‡∏µ‡∏≠‡∏±‡∏•‡∏à‡∏≠‡∏ô‡∏™‡∏±‡∏ô‡∏û‡∏≠‡∏ô‡∏™‡πå‡∏ß‡πà‡∏≤‡πÑ‡∏õ‡∏≠‡∏¢‡πà‡∏≤‡∏á,0,‡∏â‡∏±‡∏ô‡πÑ‡∏°‡πà‡πÄ‡∏Ñ‡∏¢‡∏ã‡∏∑‡πâ‡∏≠‡∏Ñ‡∏£‡∏µ‡∏°‡∏ó‡∏µ‡πà‡∏û‡∏ö‡πÑ‡∏î‡πâ‡∏ï‡∏≤‡∏°‡∏ï‡∏•‡∏≤‡∏î‡∏ô‡∏±‡∏î‡πÄ‡∏•‡∏¢‡∏ñ‡πâ‡∏≤‡πÄ‡∏õ‡πá‡∏ô‡∏û‡∏ß‡∏Å‡∏Å‡∏≤‡∏£‡πå‡∏ô‡∏¥‡πÄ‡∏¢‡πà‡∏•‡∏≠‡∏•‡∏µ‡∏≠‡∏±‡∏•‡∏à‡∏≠‡∏ô‡∏™‡∏±‡∏ô‡∏û‡∏≠‡∏ô‡∏™‡πå‡∏ñ‡∏∂‡∏á‡∏à‡∏∞‡∏ã‡∏∑‡πâ‡∏≠‡∏Ñ‡πà‡∏∞
Mazda 2 ‡∏î‡∏µ‡πÄ‡∏ã‡∏• ‡∏Ñ‡∏±‡∏ö,0,Mazda 2 ‡πÉ‡∏ä‡πâ‡∏î‡∏µ‡πÄ‡∏ã‡∏•‡∏Ñ‡∏£‡∏±‡∏ö
‡∏Ç‡∏µ‡∏î‡∏™‡∏∏‡∏î‡πÅ‡∏´‡πà‡∏á‡∏î‡∏µ‡πÑ‡∏ã‡∏ô‡πå ‡πÇ‡∏î‡∏î‡πÄ‡∏î‡πà‡∏ô‡πÄ‡∏´‡∏ô‡∏∑‡∏≠‡∏£‡∏∞‡∏î‡∏±‡∏ö ‡∏≠‡∏µ‡∏ã‡∏π‡∏ã‡∏∏‡∏î‡∏µ‡πÅ‡∏°‡∏Ñ‡∏ã‡πå ‡∏ö‡∏•‡∏π‡πÄ‡∏û‡∏≤‡πÄ‡∏ß‡∏≠‡∏£‡πå 2 ‡∏õ‡∏£‡∏∞‡∏ï‡∏π...‡πÉ‡∏´‡∏°‡πà‡∏ó‡∏∏‡∏Å‡∏°‡∏¥‡∏ï‡∏¥‡∏Ñ‡∏ß‡∏≤‡∏°‡πÄ‡∏´‡∏ô‡∏∑‡∏≠‡∏ä‡∏±‡πâ‡∏ô‡∏Ç‡∏≠‡∏á‡∏ô‡∏ß‡∏±‡∏ï‡∏Å‡∏£‡∏£‡∏°‡∏õ‡∏¥‡∏Å‡∏≠‡∏±‡∏û ‡∏î‡∏µ‡πÑ‡∏ã‡∏ô‡πå‡∏†‡∏≤‡∏¢‡∏ô‡∏≠‡∏Å‡∏™‡∏∏‡∏î‡∏•‡πâ‡∏≥‡πÇ‡∏â‡∏ö‡πÄ‡∏â‡∏µ‡πà‡∏¢‡∏ß‡∏™‡πÑ‡∏ï‡∏•‡πå‡∏™‡∏õ‡∏≠‡∏£‡πå‡∏ï ‡∏•‡πâ‡∏≥‡∏™‡∏°‡∏±‡∏¢‡∏ó‡∏∏‡∏Å‡∏£‡∏≤‡∏¢‡∏•‡∏∞‡πÄ‡∏≠‡∏µ‡∏¢‡∏î üò≤üòéüòä,0,‡∏Ç‡∏µ‡∏î‡∏™‡∏∏‡∏î‡πÅ‡∏´‡πà‡∏á‡∏î‡∏µ‡πÑ‡∏ã‡∏ô‡πå ‡πÇ‡∏î‡∏î‡πÄ‡∏î‡πà‡∏ô‡πÄ‡∏´‡∏ô‡∏∑‡∏≠‡∏£‡∏∞‡∏î‡∏±‡∏ö ‡∏≠‡∏µ‡∏ã‡∏π‡∏ã‡∏∏‡∏î‡∏µ‡πÅ‡∏°‡∏Ñ‡∏ã‡πå ‡∏ö‡∏•‡∏π‡πÄ‡∏û‡∏≤‡πÄ‡∏ß‡∏≠‡∏£‡πå 2 ‡∏õ‡∏£‡∏∞‡∏ï‡∏π ‡πÉ‡∏´‡∏°‡πà‡∏ó‡∏∏‡∏Å‡∏°‡∏¥‡∏ï‡∏¥‡∏Ñ‡∏ß‡∏≤‡∏°‡πÄ‡∏´‡∏ô‡∏∑‡∏≠‡∏ä‡∏±‡πâ‡∏ô‡∏Ç‡∏≠‡∏á‡∏ô‡∏ß‡∏±‡∏ï‡∏Å‡∏£‡∏£‡∏°‡∏õ‡∏¥‡∏Å‡∏≠‡∏±‡∏û ‡∏î‡∏µ‡πÑ‡∏ã‡∏ô‡πå‡∏†‡∏≤‡∏¢‡∏ô‡∏≠‡∏Å‡∏™‡∏∏‡∏î‡∏•‡πâ‡∏≥‡πÇ‡∏â‡∏ö‡πÄ‡∏â‡∏µ‡πà‡∏¢‡∏ß‡∏™‡πÑ‡∏ï‡∏•‡πå‡∏™‡∏õ‡∏≠‡∏£‡πå‡∏ï ‡∏•‡πâ‡∏≥‡∏™‡∏°‡∏±‡∏¢‡∏ó‡∏∏‡∏Å‡∏£‡∏≤‡∏¢‡∏•‡∏∞‡πÄ‡∏≠‡∏µ‡∏¢‡∏î 
‡∏ô‡∏∂‡∏Å‡∏ß‡πà‡∏≤‡∏Å‡∏¥‡∏ô‡∏™‡∏¥‡∏á‡∏´‡πå,0,‡∏ú‡∏°‡∏ô‡∏∂‡∏Å‡∏ß‡πà‡∏≤‡∏Å‡∏¥‡∏ô‡∏™‡∏¥‡∏á‡∏´‡πå‡∏≠‡∏¢‡∏π‡πà
‡∏£‡∏ñ‡∏õ‡πâ‡∏≤‡∏¢‡∏±‡∏á‡∏Ñ‡∏±‡∏°‡∏£‡∏µ‡πà‡∏ï‡∏±‡∏ß‡πÄ‡∏Å‡πà‡∏≤‡∏≠‡∏¢‡∏π‡πà‡πÄ‡∏•‡∏¢üòÇ,0,‡∏£‡∏ñ‡∏õ‡πâ‡∏≤‡∏¢‡∏±‡∏á‡πÄ‡∏õ‡πá‡∏ô‡∏Ñ‡∏±‡∏°‡∏£‡∏µ‡πà‡∏ï‡∏±‡∏ß‡πÄ‡∏Å‡πà‡∏≤‡∏≠‡∏¢‡∏π‡πà‡πÄ‡∏•‡∏¢‡∏Ñ‡πà‡∏∞
‡∏õ‡πà‡∏∞ ‡∏ö‡∏≤‡∏ö‡∏µ‡∏Å‡∏≠‡∏ô ‡∏ö‡∏∏‡∏ü‡πÄ‡∏ü‡πà‡∏Ñ‡∏¥‡∏î‡∏ñ‡∏∂‡∏á‡πÄ‡∏ã‡∏•‡∏°‡∏≠‡∏• ‡∏Å‡∏±‡∏ö‡∏ô‡πâ‡∏≥‡∏à‡∏¥‡πâ‡∏°,0,‡πÄ‡∏£‡∏≤‡πÑ‡∏õ‡∏ó‡∏≤‡∏ô‡∏ö‡∏≤‡∏ö‡∏µ‡∏Å‡πâ‡∏≠‡∏ô‡∏ö‡∏∏‡∏ü‡πÄ‡∏ü‡∏ï‡πå‡∏Å‡∏±‡∏ô‡πÑ‡∏´‡∏°‡∏Ñ‡∏£‡∏±‡∏ö ‡∏ú‡∏°‡∏Ñ‡∏¥‡∏î‡∏ñ‡∏∂‡∏á‡∏ö‡∏∏‡∏ü‡πÄ‡∏ü‡∏ï‡πå‡πÅ‡∏ã‡∏•‡∏°‡πà‡∏≠‡∏ô‡πÅ‡∏•‡∏∞‡∏ô‡πâ‡∏≥‡∏à‡∏¥‡πâ‡∏°‡∏Ñ‡∏£‡∏±‡∏ö
‡πÄ‡∏°‡∏∑‡πà‡∏≠‡∏ñ‡∏≤‡∏°‡∏à‡∏µ‡∏ô‡πà‡∏≤‡∏ß‡πà‡∏≤‡∏ö‡∏¥‡∏ß‡∏ï‡∏µ‡πâ‡∏ö‡∏∏‡∏ü‡πÄ‡∏ü‡πà‡∏°‡∏µ‡πÇ‡∏õ‡∏£‡πÑ‡∏´‡∏°??,0,‡πÄ‡∏°‡∏∑‡πà‡∏≠‡∏â‡∏±‡∏ô‡∏ñ‡∏≤‡∏°‡∏à‡∏µ‡∏ô‡πà‡∏≤‡∏ß‡πà‡∏≤‡∏ö‡∏¥‡∏ß‡∏ï‡∏µ‡πâ‡∏ö‡∏∏‡∏ü‡πÄ‡∏ü‡πà‡∏°‡∏µ‡πÇ‡∏õ‡∏£‡πÑ‡∏´‡∏°‡∏Ñ‡∏∞
‡πÑ‡∏°‡πà‡∏°‡∏µ‡πÄ‡∏ü‡∏™ ‡πÅ‡∏ó‡πä‡∏Å ‡∏ö‡πà‡πÑ‡∏î‡πâ555,0,‡πÄ‡∏û‡∏£‡∏≤‡∏∞‡∏Ñ‡∏∏‡∏ì‡πÑ‡∏°‡πà‡∏°‡∏µ‡πÄ‡∏ü‡∏™ ‡∏ú‡∏°‡∏à‡∏∂‡∏á‡πÅ‡∏ó‡πä‡∏Å‡∏Ñ‡∏∏‡∏ì‡πÑ‡∏°‡πà‡πÑ‡∏î‡πâ
‡∏Æ‡∏≠‡∏ô‡∏î‡πâ‡∏≤‡πÄ‡∏õ‡πá‡∏ô‡∏¢‡∏µ‡πà‡∏´‡πâ‡∏≠ ‡∏ó‡∏µ‡πà‡πÄ‡∏´‡∏°‡∏≤‡∏∞‡∏ó‡∏µ‡πà‡∏™‡∏∏‡∏î‡∏•‡πà‡∏∞‡πÉ‡∏ô‡∏Å‡∏≤‡∏£‡∏ó‡∏≥‡πÅ‡∏ó‡πá‡∏Å‡∏ã‡∏µ‡πà‡πÄ‡∏°‡∏∑‡∏≠‡∏á‡πÑ‡∏ó‡∏¢ ‡∏ó‡∏±‡πâ‡∏á‡∏£‡∏≤‡∏Ñ‡∏≤‡πÅ‡∏•‡∏∞‡∏Å‡∏≤‡∏£‡∏ö‡∏≥‡∏£‡∏∏‡∏á‡∏£‡∏±‡∏Å‡∏©‡∏≤,0,‡∏Æ‡∏≠‡∏ô‡∏î‡πâ‡∏≤‡πÄ‡∏õ‡πá‡∏ô‡∏¢‡∏µ‡πà‡∏´‡πâ‡∏≠ ‡∏ó‡∏µ‡πà‡πÄ‡∏´‡∏°‡∏≤‡∏∞‡∏ó‡∏µ‡πà‡∏™‡∏∏‡∏î‡πÅ‡∏•‡πâ‡∏ß‡∏Ñ‡∏£‡∏±‡∏ö‡πÉ‡∏ô‡∏Å‡∏≤‡∏£‡∏ó‡∏≥‡πÅ‡∏ó‡πá‡∏Å‡∏ã‡∏µ‡πà‡πÄ‡∏°‡∏∑‡∏≠‡∏á‡πÑ‡∏ó‡∏¢ ‡∏ó‡∏±‡πâ‡∏á‡∏£‡∏≤‡∏Ñ‡∏≤‡πÅ‡∏•‡∏∞‡∏Å‡∏≤‡∏£‡∏ö‡∏≥‡∏£‡∏∏‡∏á‡∏£‡∏±‡∏Å‡∏©‡∏≤
‡∏Å‡∏£‡∏£‡∏°‡∏Å‡∏£‡∏ã‡∏µ‡∏û‡∏µ-‡πÄ‡∏ö‡∏µ‡∏¢‡∏£‡πå‡∏ä‡πâ‡∏≤‡∏á ‡∏à‡∏∞‡∏Ñ‡∏£‡∏∂‡πà‡∏á‡∏õ‡∏£‡∏∞‡πÄ‡∏ó‡∏®‡πÅ‡∏•‡πâ‡∏ß,0,‡∏°‡∏µ‡∏Ñ‡∏ô‡πÄ‡∏õ‡πá‡∏ô‡∏Å‡∏£‡∏£‡∏°‡∏Å‡∏£‡∏ã‡∏µ‡∏û‡∏µ-‡πÄ‡∏ö‡∏µ‡∏¢‡∏£‡πå‡∏ä‡πâ‡∏≤‡∏á ‡πÄ‡∏Å‡∏∑‡∏≠‡∏ö‡∏Ñ‡∏£‡∏∂‡πà‡∏á‡∏õ‡∏£‡∏∞‡πÄ‡∏ó‡∏®‡πÅ‡∏•‡πâ‡∏ß‡∏Ñ‡∏£‡∏±‡∏ö
‡∏î‡∏∑‡πà‡∏°‡∏™‡∏¥‡∏á‡∏´‡πå‡∏•‡∏±‡∏á‡∏Ç‡∏ß‡∏î‡πÅ‡∏Å‡πâ‡∏ß ‡∏•‡∏±‡∏á‡∏•‡∏∞ 60-‡∏ö‡∏≤‡∏ó‡∏°‡∏≤‡∏ô‡∏≤‡∏ô‡∏•‡πà‡∏∞ ‡πÑ‡∏°‡πà‡∏°‡∏µ‡πÅ‡∏à‡∏Å‡πÑ‡∏£‡∏•‡∏π‡∏Å‡∏Ñ‡πâ‡∏≤‡πÄ‡∏•‡∏¢‡∏Ñ‡πà‡∏∞,0,‡∏â‡∏±‡∏ô‡∏î‡∏∑‡πà‡∏°‡∏™‡∏¥‡∏á‡∏´‡πå‡∏•‡∏±‡∏á‡∏Ç‡∏ß‡∏î‡πÅ‡∏Å‡πâ‡∏ß ‡∏•‡∏±‡∏á‡∏•‡∏∞ 60-‡∏ö‡∏≤‡∏ó‡∏°‡∏≤‡∏ô‡∏≤‡∏ô‡∏•‡∏∞‡∏Ñ‡πà‡∏∞ ‡πÑ‡∏°‡πà‡∏°‡∏µ‡πÅ‡∏à‡∏Å‡πÑ‡∏£‡∏•‡∏π‡∏Å‡∏Ñ‡πâ‡∏≤‡πÄ‡∏•‡∏¢‡∏Ñ‡πà‡∏∞
‡πÄ‡∏´‡∏ô‡∏∑‡πà‡∏≠‡∏¢‡∏°‡∏≤‡∏Å ‡∏Ç‡∏±‡∏ö‡πÅ‡∏ï‡πà‡∏£‡∏ñ‡∏à‡∏ô‡∏Å‡∏π‡∏à‡∏∞‡πÑ‡∏õ‡πÄ‡∏õ‡πá‡∏ô‡πÅ‡∏ó‡πá‡∏Å‡∏ã‡∏µ‡πà‡πÅ‡∏•‡πâ‡∏ß‡πÅ‡∏°‡πà‡∏á,0,‡∏ú‡∏°‡πÄ‡∏´‡∏ô‡∏∑‡πà‡∏≠‡∏¢‡∏°‡∏≤‡∏Å‡∏Ñ‡∏£‡∏±‡∏ö ‡∏Ç‡∏±‡∏ö‡πÅ‡∏ï‡πà‡∏£‡∏ñ‡∏à‡∏ô‡∏ú‡∏°‡∏à‡∏∞‡πÑ‡∏õ‡πÄ‡∏õ‡πá‡∏ô‡πÅ‡∏ó‡πá‡∏Å‡∏ã‡∏µ‡πà‡πÅ‡∏•‡πâ‡∏ß‡∏Ñ‡∏£‡∏±‡∏ö
‡∏ï‡∏≤‡πÅ‡∏ã‡∏ö‡∏Ñ‡∏±‡∏Å,0,‡∏≠‡∏£‡πà‡∏≠‡∏¢‡∏°‡∏≤‡∏Å‡∏Ñ‡∏£‡∏±‡∏ö
MRT ‡πÄ‡∏õ‡∏¥‡∏î‡πÅ‡∏≠‡∏£‡πå‡∏ö‡πâ‡∏≤‡∏á‡∏Å‡πá‡πÑ‡∏î‡πâ‡∏ô‡∏∞‡∏ï‡∏≠‡∏ô‡πÄ‡∏ä‡πâ‡∏≤‡πÜ‡∏≠‡∏∞ ‡∏≠‡∏¥‡∏Ñ‡∏ô‡∏ó‡∏µ‡πà‡∏ï‡πâ‡∏≠‡∏á‡∏¢‡∏∑‡∏ô‡∏°‡∏∏‡∏°‡πÜ‡∏Å‡πá‡∏£‡πâ‡∏≠‡∏ô‡∏à‡∏∞‡∏ï‡∏≤‡∏¢‡∏´‡πà‡∏≤ ‡πÑ‡∏°‡πà‡∏á‡∏±‡πâ‡∏ô‡∏à‡∏∞‡πÄ‡∏™‡∏µ‡∏¢‡∏Ñ‡πà‡∏≤‡∏£‡∏ñ‡∏ß‡∏±‡∏ô‡∏•‡∏∞ 100 ‡∏Å‡∏ß‡πà‡∏≤‡∏ö‡∏≤‡∏ó‡∏ó‡∏≥‡πÑ‡∏° ‡∏Ç‡∏±‡∏ö‡∏£‡∏ñ‡πÄ‡∏≠‡∏≤‡∏Å‡πá‡πÑ‡∏î‡πâ‡∏°‡∏±‡πâ‡∏á,0,MRT ‡∏ï‡∏≠‡∏ô‡πÄ‡∏ä‡πâ‡∏≤‡πÄ‡∏õ‡∏¥‡∏î‡πÅ‡∏≠‡∏£‡πå‡∏ö‡πâ‡∏≤‡∏á‡∏Å‡πá‡πÑ‡∏î‡πâ‡∏ô‡∏∞‡∏Ñ‡∏∞ ‡∏Ñ‡∏ô‡∏ó‡∏µ‡πà‡∏ï‡πâ‡∏≠‡∏á‡∏¢‡∏∑‡∏ô‡∏°‡∏∏‡∏°‡∏£‡πâ‡∏≠‡∏ô‡∏°‡∏≤‡∏Å‡∏Ñ‡πà‡∏∞ ‡πÑ‡∏°‡πà‡∏á‡∏±‡πâ‡∏ô‡∏à‡∏∞‡πÄ‡∏™‡∏µ‡∏¢‡∏Ñ‡πà‡∏≤‡∏£‡∏ñ‡∏ß‡∏±‡∏ô‡∏•‡∏∞ 100 ‡∏Å‡∏ß‡πà‡∏≤‡∏ö‡∏≤‡∏ó‡∏ó‡∏≥‡πÑ‡∏° ‡∏Ç‡∏±‡∏ö‡∏£‡∏ñ‡πÄ‡∏≠‡∏≤‡∏Å‡πá‡πÑ‡∏î‡πâ‡∏Ñ‡πà‡∏∞
‡∏ä‡πà‡∏ß‡∏¢‡πÄ‡∏Å‡πá‡∏ö‡∏ú‡πâ‡∏≤‡πÄ‡∏ä‡πá‡∏î‡∏´‡∏ô‡πâ‡∏≤,0,‡∏ä‡πà‡∏ß‡∏¢‡πÄ‡∏Å‡πá‡∏ö‡∏ú‡πâ‡∏≤‡πÄ‡∏ä‡πá‡∏î‡∏´‡∏ô‡πâ‡∏≤‡πÉ‡∏´‡πâ‡∏ú‡∏°‡∏´‡∏ô‡πà‡∏≠‡∏¢‡∏Ñ‡∏£‡∏±‡∏ö
‡∏û‡∏£‡∏∏‡πà‡∏á‡∏ô‡∏µ‡πâ‡∏Å‡πá‡∏ñ‡∏∂‡∏á‡πÄ‡∏ó‡∏®‡∏Å‡∏≤‡∏£‡∏ì‡πå‡∏™‡∏á‡∏Å‡∏£‡∏≤‡∏ô‡∏ï‡πå‡∏Å‡∏±‡∏ô‡πÅ‡∏•‡πâ‡∏ß ‡πÉ‡∏Ñ‡∏£‡πÄ‡∏î‡∏¥‡∏ô‡∏ó‡∏≤‡∏á‡∏Å‡∏•‡∏±‡∏ö‡∏ö‡πâ‡∏≤‡∏ô‡πÇ‡∏î‡∏¢‡∏£‡∏ñ‡∏¢‡∏ô‡∏ï‡πå‡∏™‡πà‡∏ß‡∏ô‡∏ö‡∏∏‡∏Ñ‡∏Ñ‡∏• ‡∏Ñ‡∏ß‡∏£‡πÄ‡∏ä‡πá‡∏Ñ‡∏≠‡∏∞‡πÑ‡∏£‡∏ö‡πâ‡∏≤‡∏á ‡∏Å‡πà‡∏≠‡∏ô‡πÄ‡∏î‡∏¥‡∏ô‡∏ó‡∏≤‡∏á ‡πÄ‡∏û‡∏∑‡πà‡∏≠‡∏Ñ‡∏ß‡∏≤‡∏°‡∏õ‡∏•‡∏≠‡∏î‡∏†‡∏±‡∏¢ ‡πÑ‡∏õ‡∏ä‡∏°‡∏Å‡∏±‡∏ô !!,0,‡∏û‡∏£‡∏∏‡πà‡∏á‡∏ô‡∏µ‡πâ‡∏Å‡πá‡∏ñ‡∏∂‡∏á‡πÄ‡∏ó‡∏®‡∏Å‡∏≤‡∏£‡∏ì‡πå‡∏™‡∏á‡∏Å‡∏£‡∏≤‡∏ô‡∏ï‡πå‡∏Å‡∏±‡∏ô‡πÅ‡∏•‡πâ‡∏ß ‡πÉ‡∏Ñ‡∏£‡πÄ‡∏î‡∏¥‡∏ô‡∏ó‡∏≤‡∏á‡∏Å‡∏•‡∏±‡∏ö‡∏ö‡πâ‡∏≤‡∏ô‡πÇ‡∏î‡∏¢‡∏£‡∏ñ‡∏¢‡∏ô‡∏ï‡πå‡∏™‡πà‡∏ß‡∏ô‡∏ö‡∏∏‡∏Ñ‡∏Ñ‡∏• ‡∏Ñ‡∏ß‡∏£‡πÄ‡∏ä‡πá‡∏Ñ‡∏≠‡∏∞‡πÑ‡∏£‡∏ö‡πâ‡∏≤‡∏á ‡∏Å‡πà‡∏≠‡∏ô‡πÄ‡∏î‡∏¥‡∏ô‡∏ó‡∏≤‡∏á ‡πÄ‡∏û‡∏∑‡πà‡∏≠‡∏Ñ‡∏ß‡∏≤‡∏°‡∏õ‡∏•‡∏≠‡∏î‡∏†‡∏±‡∏¢ ‡πÑ‡∏õ‡∏ä‡∏°‡∏Å‡∏±‡∏ô‡∏Ñ‡∏£‡∏±‡∏ö
‡∏£‡∏∏‡πà‡∏ô‡πÉ‡∏´‡∏ç‡πà‡∏à‡∏≤‡∏Å‡πÄ‡∏ä‡∏ü‡πÇ‡∏£‡πÄ‡∏•‡∏ï ‡πÄ‡∏ä‡∏ü‡πÇ‡∏£‡πÄ‡∏•‡∏ï ‡∏Ñ‡∏≤‡∏°‡∏≤‡πÇ‡∏£‡πà üî∞üî∞‡∏£‡∏ñ‡∏™‡∏õ‡∏≠‡∏£‡πå‡∏ï‡∏≠‡πÄ‡∏°‡∏£‡∏¥‡∏Å‡∏±‡∏ô‡∏≠‡∏±‡∏ô‡∏î‡∏±‡∏ö‡∏´‡∏ô‡∏∂‡πà‡∏áüî∞üî∞,0,‡∏£‡∏∏‡πà‡∏ô‡πÉ‡∏´‡∏ç‡πà‡∏à‡∏≤‡∏Å‡πÄ‡∏ä‡∏ü‡πÇ‡∏£‡πÄ‡∏•‡∏ï ‡πÄ‡∏ä‡∏ü‡πÇ‡∏£‡πÄ‡∏•‡∏ï ‡∏Ñ‡∏≤‡∏°‡∏≤‡πÇ‡∏£‡πà ‡∏£‡∏ñ‡∏™‡∏õ‡∏≠‡∏£‡πå‡∏ï‡∏≠‡πÄ‡∏°‡∏£‡∏¥‡∏Å‡∏±‡∏ô‡∏≠‡∏±‡∏ô‡∏î‡∏±‡∏ö‡∏´‡∏ô‡∏∂‡πà‡∏á
‡πÅ‡∏•‡πâ‡∏ß‡∏ó‡∏µ‡πà‡∏Ñ‡∏∏‡∏ì‡∏ö‡∏≠‡∏Å‡∏ß‡πà‡∏≤ ‡∏ñ‡πâ‡∏≤‡∏°‡∏µ‡∏Ñ‡∏ô‡πÅ‡∏ö‡∏ö‡∏ô‡∏µ‡πâ‡πÄ‡∏¢‡∏≠‡∏∞‡πÜ‡∏°‡∏±‡∏ô‡∏à‡∏∞‡πÄ‡∏õ‡πá‡∏ô‡∏≠‡∏¢‡πà‡∏≤‡∏á‡πÑ‡∏£ ‡∏¢‡∏Å‡∏ï‡∏±‡∏ß‡∏≠‡∏¢‡πà‡∏≤‡∏á ‡πÄ‡∏ö‡∏µ‡∏¢‡∏£‡πå‡∏ä‡πâ‡∏≤‡∏á ‡πÄ‡∏ö‡∏µ‡∏¢‡∏£‡πå‡∏™‡∏¥‡∏á‡∏´‡πå ‡∏ó‡∏∏‡∏Å‡∏ò‡∏∏‡∏£‡∏Å‡∏¥‡∏à‡∏≠‡∏µ‡∏Å‡∏°‡∏≤‡∏¢‡∏°‡∏≤‡∏¢ ‡∏°‡∏µ‡∏Å‡∏≤‡∏£‡∏ö‡∏£‡∏¥‡∏à‡∏≤‡∏Ñ ‡πÄ‡∏û‡∏∑‡πà‡∏≠‡∏™‡∏£‡πâ‡∏≤‡∏á‡∏†‡∏≤‡∏û‡∏•‡∏±‡∏Å‡∏©‡∏ì‡πå ‡∏ó‡∏≥‡∏î‡∏µ‡πÄ‡∏û‡∏∑‡πà‡∏≠‡∏´‡∏ß‡∏±‡∏á‡∏ú‡∏•‡∏ô‡∏±‡πâ‡∏ô‡πÅ‡∏´‡∏•‡∏∞ ‡∏°‡∏µ‡∏Ñ‡∏ô‡∏û‡∏ß‡∏Å‡∏ô‡∏µ‡πâ‡πÄ‡∏¢‡∏≠‡∏∞‡πÜ ‡∏°‡∏±‡∏ô‡πÑ‡∏°‡πà‡∏î‡∏µ‡∏¢‡∏±‡∏á‡πÑ‡∏á,0,‡πÅ‡∏•‡πâ‡∏ß‡∏ó‡∏µ‡πà‡∏Ñ‡∏∏‡∏ì‡∏ö‡∏≠‡∏Å‡∏ß‡πà‡∏≤ ‡∏ñ‡πâ‡∏≤‡∏°‡∏µ‡∏Ñ‡∏ô‡πÅ‡∏ö‡∏ö‡∏ô‡∏µ‡πâ‡πÄ‡∏¢‡∏≠‡∏∞‡πÜ‡∏°‡∏±‡∏ô‡∏à‡∏∞‡πÄ‡∏õ‡πá‡∏ô‡∏≠‡∏¢‡πà‡∏≤‡∏á‡πÑ‡∏£‡∏Ñ‡∏£‡∏±‡∏ö ‡∏¢‡∏Å‡∏ï‡∏±‡∏ß‡∏≠‡∏¢‡πà‡∏≤‡∏á ‡πÄ‡∏ö‡∏µ‡∏¢‡∏£‡πå‡∏ä‡πâ‡∏≤‡∏á ‡πÄ‡∏ö‡∏µ‡∏¢‡∏£‡πå‡∏™‡∏¥‡∏á‡∏´‡πå ‡∏ó‡∏∏‡∏Å‡∏ò‡∏∏‡∏£‡∏Å‡∏¥‡∏à‡∏≠‡∏µ‡∏Å‡∏°‡∏≤‡∏¢‡∏°‡∏≤‡∏¢ ‡∏°‡∏µ‡∏Å‡∏≤‡∏£‡∏ö‡∏£‡∏¥‡∏à‡∏≤‡∏Ñ ‡πÄ‡∏û‡∏∑‡πà‡∏≠‡∏™‡∏£‡πâ‡∏≤‡∏á‡∏†‡∏≤‡∏û‡∏•‡∏±‡∏Å‡∏©‡∏ì‡πå ‡∏ó‡∏≥‡∏î‡∏µ‡πÄ‡∏û‡∏∑‡πà‡∏≠‡∏´‡∏ß‡∏±‡∏á‡∏ú‡∏•‡∏Ñ‡∏£‡∏±‡∏ö ‡∏°‡∏µ‡∏Ñ‡∏ô‡∏û‡∏ß‡∏Å‡∏ô‡∏µ‡πâ‡πÄ‡∏¢‡∏≠‡∏∞‡πÜ ‡∏°‡∏±‡∏ô‡πÑ‡∏°‡πà‡∏î‡∏µ‡∏¢‡∏±‡∏á‡πÑ‡∏á‡∏Ñ‡∏£‡∏±‡∏ö
‡πÄ‡∏°‡∏∑‡πà‡∏≠‡πÄ‡∏£‡∏≤‡∏ö‡∏≠‡∏Å‡∏ô‡∏≤‡∏á‡∏ß‡πà‡∏≤ ‡∏ß‡∏±‡∏ô‡∏ô‡∏µ‡πâ‡∏á‡∏î ‡∏ö‡∏≤‡∏ö‡∏µ‡∏Å‡πâ‡∏≠‡∏ô5555+,0,‡πÄ‡∏°‡∏∑‡πà‡∏≠‡πÄ‡∏£‡∏≤‡∏ö‡∏≠‡∏Å‡πÄ‡∏ò‡∏≠‡∏ß‡πà‡∏≤ ‡∏ß‡∏±‡∏ô‡∏ô‡∏µ‡πâ‡∏á‡∏î‡∏ö‡∏≤‡∏ö‡∏µ‡∏Å‡πâ‡∏≠‡∏ô‡∏ô‡∏∞‡∏Ñ‡∏£‡∏±‡∏ö
‡∏´‡∏≠‡∏°‡∏Ñ‡∏£‡∏±‡∏ö‡∏ï‡∏±‡∏ß‡∏ô‡∏µ‡πâ 7‡∏°‡∏µ‡∏Ç‡∏≤‡∏¢,0,‡∏ï‡∏±‡∏ß‡∏ô‡∏µ‡πâ‡∏´‡∏≠‡∏°‡∏°‡∏≤‡∏Å‡∏Ñ‡∏£‡∏±‡∏ö ‡∏£‡πâ‡∏≤‡∏ô‡πÄ‡∏ã‡πÄ‡∏ß‡πà‡∏ô‡∏°‡∏µ‡∏Ç‡∏≤‡∏¢‡∏Ñ‡∏£‡∏±‡∏ö
‡πÄ‡∏û‡∏¥‡πà‡∏á‡∏Å‡∏¥‡∏ô‡∏°‡∏≤ ‡πÅ‡∏ï‡πà‡πÑ‡∏°‡πà‡∏•‡∏î ‡πÅ‡∏°‡πà‡∏á!,0,‡∏ú‡∏°‡∏û‡∏∂‡πà‡∏á‡πÑ‡∏õ‡∏Å‡∏¥‡∏ô‡∏°‡∏≤‡∏Ñ‡∏£‡∏±‡∏ö ‡πÅ‡∏ï‡πà‡πÄ‡∏Ç‡∏≤‡πÑ‡∏°‡πà‡πÑ‡∏î‡πâ‡∏•‡∏î‡πÉ‡∏´‡πâ‡∏Ñ‡∏£‡∏±‡∏ö
‡∏ú‡πâ‡∏≤‡∏≠‡∏ô‡∏≤‡∏°‡∏±‡∏¢‡∏™‡∏≥‡∏´‡∏£‡∏±‡∏ö‡∏Å‡∏•‡∏≤‡∏á‡∏Ñ‡∏∑‡∏ô‡∏™‡∏°‡∏±‡∏¢‡∏ô‡∏µ‡πâ‡πÄ‡∏´‡∏°‡∏∑‡∏≠‡∏ô‡∏≠‡∏≠‡∏Å‡πÅ‡∏ö‡∏ö‡∏°‡∏≤‡πÉ‡∏´‡πâ‡∏Å‡∏π‡∏ô‡∏≠‡∏ô‡∏ó‡πà‡∏≤‡∏´‡∏Å‡∏™‡∏π‡∏á ‡πÄ‡∏°‡∏¥‡∏á‡∏à‡∏∞‡∏¢‡∏≤‡∏ß‡πÑ‡∏õ‡πÑ‡∏´‡∏ô ‡∏´‡∏£‡∏∑‡∏≠‡πÉ‡∏´‡πâ‡∏Å‡∏π‡∏ï‡∏±‡∏î‡πÅ‡∏ö‡πà‡∏á‡πÉ‡∏ä‡πâ‡∏ß‡∏∞,0,‡∏ú‡πâ‡∏≤‡∏≠‡∏ô‡∏≤‡∏°‡∏±‡∏¢‡∏™‡∏≥‡∏´‡∏£‡∏±‡∏ö‡∏Å‡∏•‡∏≤‡∏á‡∏Ñ‡∏∑‡∏ô‡∏™‡∏°‡∏±‡∏¢‡∏ô‡∏µ‡πâ‡πÄ‡∏´‡∏°‡∏∑‡∏≠‡∏ô‡∏≠‡∏≠‡∏Å‡πÅ‡∏ö‡∏ö‡∏°‡∏≤‡πÉ‡∏´‡πâ‡∏â‡∏±‡∏ô‡∏ô‡∏≠‡∏ô‡∏ó‡πà‡∏≤‡∏´‡∏Å‡∏™‡∏π‡∏á‡πÄ‡∏•‡∏¢‡∏Ñ‡πà‡∏∞ ‡∏ó‡∏≥‡πÑ‡∏°‡∏ñ‡∏∂‡∏á‡πÑ‡∏î‡πâ‡∏¢‡∏≤‡∏ß‡∏Ç‡∏ô‡∏≤‡∏î‡∏ô‡∏±‡πâ‡∏ô ‡∏´‡∏£‡∏∑‡∏≠‡∏à‡∏£‡∏¥‡∏á ‡πÜ ‡πÅ‡∏•‡πâ‡∏ß‡πÉ‡∏´‡πâ‡∏ï‡∏±‡∏î‡πÅ‡∏ö‡πà‡∏á‡πÉ‡∏ä‡πâ‡∏´‡∏£‡∏≠‡∏Ñ‡∏∞
‡∏ñ‡πâ‡∏≤‡∏´‡∏≤‡∏Å‡∏™‡∏ß‡∏¢‡πÑ‡∏î‡πâ‡πÄ‡∏û‡∏µ‡∏¢‡∏á‡∏Ç‡πâ‡∏≤‡∏°‡∏Ñ‡∏∑‡∏ô ‡∏≠‡∏¢‡∏≤‡∏Å‡∏™‡∏ß‡∏¢‡πÄ‡∏´‡∏°‡∏∑‡∏≠‡∏ô‡πÉ‡∏´‡∏°‡πà ‡∏î‡∏≤‡∏ß‡∏¥‡∏Å‡∏≤ ‡πÇ‡∏Æ‡∏£‡πå‡πÄ‡∏ô‡πà ‡πÄ‡∏û‡∏£‡∏≤‡∏∞‡∏ô‡∏≤‡∏á‡∏°‡∏µ‡∏Ñ‡∏ß‡∏≤‡∏°‡∏™‡∏ß‡∏¢‡∏ó‡∏µ‡πà‡πÅ‡∏ö‡∏ö‡πÄ‡∏•‡∏≠‡∏Ñ‡πà‡∏≤‡∏°‡∏á‡∏•‡∏á‡∏°‡∏≤‡∏Å‡πÜ ‡πÄ‡∏õ‡πá‡∏ô‡∏Ñ‡∏ß‡∏≤‡∏°‡πÉ‡∏ù‡πà‡∏ù‡∏±‡∏ô‡∏≠‡∏±‡∏ô‡∏™‡∏π‡∏á‡∏™‡∏∏‡∏î‡πÉ‡∏ô‡∏ä‡∏µ‡∏ß‡∏¥‡∏ï‡πÄ‡∏•‡∏¢‡∏Å‡πá‡∏ß‡πà‡∏≤‡πÑ‡∏î‡πâ ‚ù§,0,‡∏ñ‡πâ‡∏≤‡∏´‡∏≤‡∏Å‡∏™‡∏ß‡∏¢‡πÑ‡∏î‡πâ‡πÄ‡∏û‡∏µ‡∏¢‡∏á‡∏Ç‡πâ‡∏≤‡∏°‡∏Ñ‡∏∑‡∏ô ‡∏≠‡∏¢‡∏≤‡∏Å‡∏™‡∏ß‡∏¢‡πÄ‡∏´‡∏°‡∏∑‡∏≠‡∏ô‡πÉ‡∏´‡∏°‡πà ‡∏î‡∏≤‡∏ß‡∏¥‡∏Å‡∏≤ ‡πÇ‡∏Æ‡∏£‡πå‡πÄ‡∏ô‡πà ‡πÄ‡∏û‡∏£‡∏≤‡∏∞‡∏ô‡∏≤‡∏á‡∏°‡∏µ‡∏Ñ‡∏ß‡∏≤‡∏°‡∏™‡∏ß‡∏¢‡∏ó‡∏µ‡πà‡πÅ‡∏ö‡∏ö‡πÄ‡∏•‡∏≠‡∏Ñ‡πà‡∏≤ ‡πÄ‡∏õ‡πá‡∏ô‡∏Ñ‡∏ß‡∏≤‡∏°‡πÉ‡∏ù‡πà‡∏ù‡∏±‡∏ô‡∏≠‡∏±‡∏ô‡∏™‡∏π‡∏á‡∏™‡∏∏‡∏î‡πÉ‡∏ô‡∏ä‡∏µ‡∏ß‡∏¥‡∏ï‡πÄ‡∏•‡∏¢‡∏Å‡πá‡∏ß‡πà‡∏≤‡πÑ‡∏î‡πâ‡∏Ñ‡πà‡∏∞
"‡∏Ç‡πà‡∏≤‡∏ß‡πÑ‡∏ó‡∏¢‡∏£‡∏±‡∏ê : ‡πÇ‡∏ï‡πÇ‡∏¢‡∏ï‡πâ‡∏≤‡∏•‡∏±‡πà‡∏ô‡∏Å‡∏•‡∏≠‡∏á‡∏£‡∏ö‡∏ï‡∏•‡∏≤‡∏î 2018 ‡∏™‡πà‡∏á‡∏£‡∏ñ‡∏£‡πâ‡∏≠‡∏ô‡πÅ‡∏£‡∏á ""‡∏ã‡∏µ-‡πÄ‡∏≠‡∏ä‡∏≠‡∏≤‡∏£‡πå"" ‡∏£‡∏∏‡∏Å‡πÄ‡∏Ç‡πâ‡∏°",0,"‡∏Ç‡πà‡∏≤‡∏ß‡πÑ‡∏ó‡∏¢‡∏£‡∏±‡∏ê : ‡πÇ‡∏ï‡πÇ‡∏¢‡∏ï‡πâ‡∏≤‡∏•‡∏±‡πà‡∏ô‡∏Å‡∏•‡∏≠‡∏á‡∏£‡∏ö‡∏ï‡∏•‡∏≤‡∏î 2018 ‡∏™‡πà‡∏á‡∏£‡∏ñ‡∏£‡πâ‡∏≠‡∏ô‡πÅ‡∏£‡∏á ""‡∏ã‡∏µ-‡πÄ‡∏≠‡∏ä‡∏≠‡∏≤‡∏£‡πå"" ‡∏£‡∏∏‡∏Å‡πÄ‡∏Ç‡πâ‡∏°"
‡∏ï‡∏≠‡∏ô‡∏ô‡∏µ‡πâ ‡∏£‡∏±‡∏ê‡∏Å‡∏≥‡∏•‡∏±‡∏á ‡∏ä‡πà‡∏ß‡∏¢‡πÇ‡∏£‡∏á‡∏á‡∏≤‡∏ô‡∏¢‡∏™‡∏π‡∏ö ‡∏Ñ‡∏±‡∏ö ‡πÄ‡∏•‡∏¢ ‡∏à‡∏±‡∏ö‡πÉ‡∏´‡πâ‡∏´‡∏±‡∏ô‡∏°‡∏≤‡∏™‡∏π‡∏ö ‡∏¢‡∏≤ ‡πÅ‡∏ö‡∏ö‡πÄ‡∏î‡∏¥‡∏° ‡∏ú‡∏° ‡∏Å‡πá‡πÑ‡∏°‡πà‡∏Å‡∏•‡πâ‡∏≤‡∏û‡∏Å‡πÑ‡∏õ‡πÑ‡∏´‡∏ô ‡πÑ‡∏Å‡∏• ‡πÄ‡∏´‡∏°‡∏∑‡∏≠‡∏ô‡πÄ‡∏Ñ‡πâ‡∏≤‡∏Å‡∏≥‡∏•‡∏±‡∏á‡πÄ‡∏Ç‡πâ‡∏°‡πÄ‡∏•‡∏¢ ‡πÄ‡∏ß‡∏•‡∏≤‡πÑ‡∏õ‡πÄ‡∏ó‡∏µ‡πà‡∏¢‡∏ß ‡∏£‡∏¥‡∏°‡∏ó‡∏∞‡πÄ‡∏• ‡∏¢‡∏±‡∏á‡πÉ‡∏á‡∏°‡∏±‡∏ô‡∏Å‡πá ‡πÅ‡∏û‡πâ‡∏™‡∏π‡∏ö‡∏¢‡∏≤‡πÑ‡∏ü‡∏ü‡πâ‡∏≤ ‡∏°‡∏±‡∏ô‡∏ü‡∏¥‡∏ô‡∏Å‡∏ß‡πà‡∏≤ ‡πÄ‡∏¢‡∏≠‡∏∞,0,‡∏ï‡∏≠‡∏ô‡∏ô‡∏µ‡πâ ‡∏£‡∏±‡∏ê‡∏Å‡∏≥‡∏•‡∏±‡∏á ‡∏ä‡πà‡∏ß‡∏¢‡πÇ‡∏£‡∏á‡∏á‡∏≤‡∏ô‡∏¢‡∏≤‡∏™‡∏π‡∏ö‡∏Ñ‡∏£‡∏±‡∏ö ‡πÄ‡∏•‡∏¢‡∏à‡∏±‡∏ö‡πÉ‡∏´‡πâ‡∏´‡∏±‡∏ô‡∏°‡∏≤‡∏™‡∏π‡∏ö‡∏¢‡∏≤‡πÅ‡∏ö‡∏ö‡πÄ‡∏î‡∏¥‡∏° ‡∏ú‡∏°‡∏Å‡πá‡πÑ‡∏°‡πà‡∏Å‡∏•‡πâ‡∏≤‡∏û‡∏Å‡πÑ‡∏õ‡πÑ‡∏´‡∏ô‡πÑ‡∏Å‡∏• ‡πÄ‡∏´‡∏°‡∏∑‡∏≠‡∏ô‡πÄ‡∏Ç‡∏≤‡∏Å‡∏≥‡∏•‡∏±‡∏á‡πÄ‡∏Ç‡πâ‡∏°‡πÄ‡∏•‡∏¢ ‡πÄ‡∏ß‡∏•‡∏≤‡πÑ‡∏õ‡πÄ‡∏ó‡∏µ‡πà‡∏¢‡∏ß ‡∏£‡∏¥‡∏°‡∏ó‡∏∞‡πÄ‡∏• ‡∏¢‡∏±‡∏á‡πÑ‡∏á‡∏Å‡πá‡πÅ‡∏û‡πâ‡∏™‡∏π‡∏ö‡∏¢‡∏≤‡πÑ‡∏ü‡∏ü‡πâ‡∏≤ ‡∏°‡∏±‡∏ô‡∏£‡∏π‡πâ‡∏™‡∏∂‡∏Å‡∏î‡∏µ‡∏Å‡∏ß‡πà‡∏≤‡πÄ‡∏¢‡∏≠‡∏∞‡∏Ñ‡∏£‡∏±‡∏ö
‡∏ß‡∏±‡∏ô‡∏ô‡∏µ‡πâ‡∏£‡∏ñ‡πÄ‡∏£‡∏¥‡πà‡∏°‡∏ï‡∏¥‡∏î‡∏Ç‡∏∂‡πâ‡∏ô‡∏°‡∏≤‡∏´‡∏ô‡πà‡∏≠‡∏¢ ‡πÅ‡∏ï‡πàbts‡πÇ‡∏•‡πà‡∏á‡∏°‡πâ‡∏≤‡∏Å‡∏Å‡∏Å (08:43 bts Asoke),0,‡∏ß‡∏±‡∏ô‡∏ô‡∏µ‡πâ‡∏£‡∏ñ‡πÄ‡∏£‡∏¥‡πà‡∏°‡∏ï‡∏¥‡∏î‡∏Ç‡∏∂‡πâ‡∏ô‡∏°‡∏≤‡∏´‡∏ô‡πà‡∏≠‡∏¢ ‡πÅ‡∏ï‡πà bts ‡πÇ‡∏•‡πà‡∏á‡∏°‡∏≤‡∏Å‡∏Ñ‡∏£‡∏±‡∏ö (08:43 bts Asoke)
‡πÇ‡∏≠‡πÄ‡∏Ñ‡∏û‡∏µ‡πà‡πÄ‡∏•‡∏µ‡πâ‡∏¢‡∏áüòòüòòüòòüòòüòò,0,‡∏û‡∏µ‡πà‡πÄ‡∏•‡∏µ‡πâ‡∏¢‡∏á‡πÄ‡∏≠‡∏á‡∏Ñ‡∏£‡∏±‡∏ö
Official ‡∏õ‡∏Å‡∏ï‡∏¥‡πÉ‡∏ä‡πâ‡∏ö‡∏≤‡∏ö‡∏≤‡∏•‡πà‡∏≤‡πÄ‡∏ö‡∏≠1 ‡∏≠‡∏°‡∏ä‡∏°‡∏û‡∏π ‡∏î‡∏π‡∏™‡∏ß‡∏¢‡πÄ‡∏ô‡∏µ‡∏¢‡∏ô‡∏ô‡∏ô‡πÄ‡∏Ç‡πâ‡∏≤‡∏´‡∏ô‡πâ‡∏≤‡∏°‡∏≤‡∏Å‡∏Å‡∏Å‡∏Å ‡πÅ‡∏ï‡πà‡∏û‡∏≠‡∏°‡∏≤‡πÉ‡∏ä‡πâ‡πÄ‡∏à‡πâ‡∏≤‡∏ô‡∏≤‡∏á‡πÄ‡∏ö‡∏≠2 ‡∏Ñ‡∏∑‡∏≠‡∏°‡∏±‡∏ô‡πÄ‡∏´‡∏•‡∏∑‡∏≠‡∏á‡∏°‡∏≤‡∏Å‡∏Å‡∏Å‡∏Å‡∏Å‡∏Ñ‡πà‡∏∞,0,‡∏õ‡∏Å‡∏ï‡∏¥‡∏Ç‡∏≠‡∏á‡πÅ‡∏ó‡πâ‡πÉ‡∏ä‡πâ‡∏ö‡∏≤‡∏ö‡∏≤‡∏•‡πà‡∏≤‡πÄ‡∏ö‡∏≠1 ‡∏≠‡∏°‡∏ä‡∏°‡∏û‡∏π ‡∏î‡∏π‡∏™‡∏ß‡∏¢‡πÄ‡∏ô‡∏µ‡∏¢‡∏ô‡∏ô‡∏ô‡πÄ‡∏Ç‡πâ‡∏≤‡∏´‡∏ô‡πâ‡∏≤‡∏°‡∏≤‡∏Å‡πÅ‡∏ï‡πà‡∏û‡∏≠‡∏°‡∏≤‡πÉ‡∏ä‡πâ‡πÄ‡∏ö‡∏≠2 ‡∏™‡∏µ‡∏≠‡∏≠‡∏Å‡πÄ‡∏´‡∏•‡∏∑‡∏≠‡∏á‡∏Ñ‡πà‡∏∞
‡πÑ‡∏≠‡πâ‡πÅ‡∏Å‡πä‡∏Å‡∏≠‡πà‡∏∞5555,0,‡πÅ‡∏•‡πâ‡∏ß‡πÅ‡∏Å‡πä‡∏Å‡∏•‡πà‡∏∞‡∏Ñ‡∏£‡∏±‡∏ö
‡∏ú‡πâ‡∏≤‡∏≠‡∏ô‡∏≤‡∏°‡∏±‡∏¢‡πÄ‡∏≠‡∏•‡∏¥‡∏™‡∏ó‡∏µ‡πà‡πÄ‡∏õ‡πá‡∏ô‡∏•‡∏≤‡∏¢‡∏£‡∏¥‡∏•‡∏±‡∏Ñ‡∏Ñ‡∏∏‡∏°‡∏∞‡∏Ñ‡∏∑‡∏≠‡∏Å‡∏≤‡∏ß‡πÄ‡∏´‡∏ô‡∏µ‡∏¢‡∏°‡∏≤‡∏Å ‡∏ï‡∏¥‡∏î‡πÅ‡∏ô‡πà‡∏ô‡∏°‡∏≤‡∏Å ‡πÅ‡∏ô‡πà‡∏ô‡∏à‡∏ô‡∏Å‡∏∏‡πÅ‡∏Å‡∏∞‡πÑ‡∏°‡πà‡∏≠‡∏≠‡∏Å ‡πÇ‡∏ß‡πâ‡∏¢‡∏¢‡∏¢‡∏¢‡∏¢‡∏¢‡∏¢‡∏¢‡∏¢‡∏¢‡∏¢‡∏¢‡∏¢‡∏¢‡∏¢‡∏¢‡∏¢,0,‡∏ú‡πâ‡∏≤‡∏≠‡∏ô‡∏≤‡∏°‡∏±‡∏¢‡πÄ‡∏≠‡∏•‡∏¥‡∏™‡∏ó‡∏µ‡πà‡πÄ‡∏õ‡πá‡∏ô‡∏•‡∏≤‡∏¢‡∏£‡∏¥‡∏•‡∏±‡∏Ñ‡∏Ñ‡∏∏‡∏°‡∏∞‡∏Å‡∏≤‡∏ß‡πÄ‡∏´‡∏ô‡∏µ‡∏¢‡∏°‡∏≤‡∏Å‡∏Ñ‡πà‡∏∞ ‡∏ï‡∏¥‡∏î‡πÅ‡∏ô‡πà‡∏ô‡∏°‡∏≤‡∏Å‡∏Ñ‡πà‡∏∞ ‡πÅ‡∏ô‡πà‡∏ô‡∏à‡∏ô‡∏â‡∏±‡∏ô‡πÅ‡∏Å‡∏∞‡πÑ‡∏°‡πà‡∏≠‡∏≠‡∏Å‡∏Ñ‡πà‡∏∞
‡∏ú.‡∏≠ ‡∏Ñ‡∏ô‡πÑ‡∏´‡∏ô‡∏•‡∏∞,0,‡∏ú.‡∏≠. ‡∏Ñ‡∏ô‡πÑ‡∏´‡∏ô‡∏´‡∏£‡∏≠‡∏Ñ‡∏£‡∏±‡∏ö
‡∏ï‡∏≠‡∏ô‡∏ô‡∏µ‡πâ‡πÄ‡∏Ñ‡πâ‡∏≤‡∏Æ‡∏¥‡∏ï‡∏≠‡∏±‡∏ç‡∏ä‡∏±‡∏ô‡∏Å‡∏±‡∏ô‡∏´‡∏£‡∏≠555,0,‡∏ï‡∏≠‡∏ô‡∏ô‡∏µ‡πâ‡πÄ‡∏Ç‡∏≤‡∏ä‡∏≠‡∏ö‡∏≠‡∏±‡∏ç‡∏ä‡∏±‡∏ô‡∏Å‡∏±‡∏ô‡∏´‡∏£‡∏≠‡∏Ñ‡∏£‡∏±‡∏ö
‡πÄ‡∏î‡∏∑‡∏≠‡∏ô‡∏ô‡∏µ‡πâ‡∏´‡∏°‡∏î‡∏Å‡∏±‡∏ö innisfree ‡πÑ‡∏õ‡∏™‡∏≠‡∏á‡∏û‡∏±‡∏ô‡∏•‡∏∞‡∏ô‡∏∞ ‡∏ó‡∏≥‡πÑ‡∏°‡∏ï‡πâ‡∏≠‡∏á‡∏ß‡∏≠‡πÅ‡∏ß‡∏≠‡∏µ‡∏Å ‡∏ß‡∏≠‡πÅ‡∏ß‡πÄ‡∏Å‡πà‡∏á‡∏™‡∏∏‡∏î‡∏Å‡∏π‡πÄ‡∏ô‡∏µ‡πà‡∏¢,0,‡πÄ‡∏î‡∏∑‡∏≠‡∏ô‡∏ô‡∏µ‡πâ‡∏ú‡∏°‡∏´‡∏°‡∏î‡∏Å‡∏±‡∏ö innisfree ‡πÑ‡∏õ‡∏™‡∏≠‡∏á‡∏û‡∏±‡∏ô‡∏•‡∏∞‡∏ô‡∏∞‡∏Ñ‡∏£‡∏±‡∏ö ‡∏ó‡∏≥‡πÑ‡∏°‡∏ï‡πâ‡∏≠‡∏á‡∏°‡∏≤‡∏£‡∏ö‡∏Å‡∏ß‡∏ô‡∏≠‡∏µ‡∏Å‡∏Ñ‡∏£‡∏±‡∏ö ‡∏£‡∏ö‡∏Å‡∏ß‡∏ô‡∏ú‡∏°‡πÄ‡∏Å‡πà‡∏á‡∏°‡∏≤‡∏Å‡∏ô‡∏∞‡∏Ñ‡∏£‡∏±‡∏ö
‡πÅ‡∏ó‡∏ô‡∏ó‡∏µ‡πà‡∏à‡∏∞‡∏ö‡∏≠‡∏Å‡∏°‡∏≤‡∏ó‡∏µ‡πÄ‡∏î‡∏µ‡∏¢‡∏ß‡πÉ‡∏´‡πâ‡∏´‡∏°‡∏î‡∏ß‡πà‡∏≤‡∏°‡∏µ‡∏™‡∏≤‡∏Ç‡∏≤‡πÑ‡∏´‡∏ô‡∏£‡πà‡∏ß‡∏°‡∏ö‡πâ‡∏≤‡∏á‡∏°‡∏≤‡∏ô‡∏±‡πà‡∏á‡πÑ‡∏•‡πà‡∏ñ‡∏≤‡∏°‡∏ß‡πà‡∏≤‡∏ó‡∏µ‡πà‡πÑ‡∏´‡∏ô‡∏°‡∏µ‡πÜ ‡∏ö‡∏≠‡∏Å‡∏°‡∏≤‡∏´‡∏°‡∏î‡∏ó‡∏µ‡πÄ‡∏î‡∏µ‡∏¢‡∏ß‡∏°‡∏±‡∏ô‡∏¢‡∏≤‡∏Å‡∏ï‡∏£‡∏á‡πÑ‡∏´‡∏ô,0,‡πÅ‡∏ó‡∏ô‡∏ó‡∏µ‡πà‡∏Ñ‡∏∏‡∏ì‡∏à‡∏∞‡∏ö‡∏≠‡∏Å‡∏°‡∏≤‡∏ó‡∏µ‡πÄ‡∏î‡∏µ‡∏¢‡∏ß‡πÉ‡∏´‡πâ‡∏´‡∏°‡∏î‡∏ß‡πà‡∏≤‡∏°‡∏µ‡∏™‡∏≤‡∏Ç‡∏≤‡πÑ‡∏´‡∏ô‡∏£‡πà‡∏ß‡∏°‡∏£‡∏≤‡∏¢‡∏Å‡∏≤‡∏£‡∏ö‡πâ‡∏≤‡∏á ‡∏Å‡∏•‡∏≤‡∏¢‡πÄ‡∏õ‡πá‡∏ô‡∏ß‡πà‡∏≤‡∏ú‡∏°‡∏ï‡πâ‡∏≠‡∏á‡∏°‡∏≤‡∏ô‡∏±‡πà‡∏á‡∏ñ‡∏≤‡∏°‡πÑ‡∏•‡πà‡∏ó‡∏µ‡∏•‡∏∞‡∏™‡∏≤‡∏Ç‡∏≤ ‡∏ö‡∏≠‡∏Å‡∏°‡∏≤‡∏´‡∏°‡∏î‡∏ó‡∏µ‡πÄ‡∏î‡∏µ‡∏¢‡∏ß‡∏°‡∏±‡∏ô‡∏¢‡∏≤‡∏Å‡∏ï‡∏£‡∏á‡πÑ‡∏´‡∏ô‡∏´‡∏£‡∏≠‡∏Ñ‡∏£‡∏±‡∏ö
‡πÑ‡∏°‡πà‡πÉ‡∏ä‡πà‡πÄ‡∏£‡∏≤‡πÅ‡∏ô‡πà‡∏ô‡∏≠‡∏ô ‡πÄ‡∏£‡∏≤‡πÑ‡∏°‡πà‡πÅ‡∏î‡∏Å 100,0,‡πÑ‡∏°‡πà‡πÉ‡∏ä‡πà‡πÄ‡∏£‡∏≤‡πÅ‡∏ô‡πà‡∏ô‡∏≠‡∏ô ‡πÄ‡∏£‡∏≤‡πÑ‡∏°‡πà‡∏Å‡∏¥‡∏ô 100 ‡∏Ñ‡∏£‡∏±‡∏ö
‡∏¢‡∏≠‡∏°‡πÉ‡∏à ‡∏û‡∏ß‡∏Å ‡∏û‡∏µ‡πà ‡πÜ ‡πÜ ‡πÄ‡∏•‡∏¢ ‡∏Ç‡∏≠‡∏ö‡∏Ñ‡∏∏‡∏ì‡∏Ñ‡∏≤‡∏ü,0,‡∏¢‡∏≠‡∏°‡πÉ‡∏à ‡∏û‡∏ß‡∏Å ‡∏û‡∏µ‡πà ‡πÜ ‡πÄ‡∏•‡∏¢‡∏Ñ‡∏£‡∏±‡∏ö ‡∏Ç‡∏≠‡∏ö‡∏Ñ‡∏∏‡∏ì‡∏Ñ‡∏£‡∏±‡∏ö
‡∏≠‡∏π‡πä‡∏¢... ‡∏û‡∏µ‡πà‡∏ô‡πà‡∏≤‡πÇ‡∏î‡∏ô‡πÄ‡∏ô‡∏≠‡∏∞,0,‡∏û‡∏µ‡πà‡∏ô‡πà‡∏≤‡πÇ‡∏î‡∏ô‡∏ô‡∏∞‡∏Ñ‡∏£‡∏±‡∏ö
‡∏ä‡∏≠‡∏ö toyotabuzz ‡∏à‡∏±‡∏î‡∏Å‡∏¥‡∏à‡∏Å‡∏£‡∏£‡∏°‡∏ï‡∏•‡∏≠‡∏î ‡∏Ñ‡∏∑‡∏ô‡∏Å‡∏≥‡πÑ‡∏£‡πÉ‡∏´‡πâ‡∏Å‡∏±‡∏ö‡∏•‡∏π‡∏Å‡∏Ñ‡πâ‡∏≤,0,‡∏ä‡∏≠‡∏ö toyotabuzz ‡∏Ñ‡∏£‡∏±‡∏ö ‡∏à‡∏±‡∏î‡∏Å‡∏¥‡∏à‡∏Å‡∏£‡∏£‡∏°‡∏ï‡∏•‡∏≠‡∏î ‡∏Ñ‡∏∑‡∏ô‡∏Å‡∏≥‡πÑ‡∏£‡πÉ‡∏´‡πâ‡∏Å‡∏±‡∏ö‡∏•‡∏π‡∏Å‡∏Ñ‡πâ‡∏≤‡∏Ñ‡∏£‡∏±‡∏ö
‡∏ô‡∏¥‡∏™‡∏™‡∏±‡∏ô navara PPV? ‡πÄ‡∏ä‡∏¢ ‡πÅ‡∏Å‡πà ‡πÇ‡∏ö‡∏£‡∏≤‡∏ì,0,‡∏ô‡∏¥‡∏™‡∏™‡∏±‡∏ô navara PPV ‡∏ñ‡∏∑‡∏≠‡∏ß‡πà‡∏≤‡πÇ‡∏ö‡∏£‡∏≤‡∏ì‡πÑ‡∏´‡∏°‡∏Ñ‡∏£‡∏±‡∏ö
‡∏•‡∏≠‡∏á‡∏≠‡πà‡∏≤‡∏ô‡∏î‡∏π ‡πÄ‡∏û‡∏∑‡πà‡∏≠‡∏Ñ‡∏ß‡∏≤‡∏°‡∏°‡∏±‡πà‡∏ô‡πÉ‡∏à555555,0,‡∏•‡∏≠‡∏á‡∏≠‡πà‡∏≤‡∏ô‡∏î‡∏π ‡πÄ‡∏û‡∏∑‡πà‡∏≠‡∏Ñ‡∏ß‡∏≤‡∏°‡∏°‡∏±‡πà‡∏ô‡πÉ‡∏à‡∏Ñ‡∏£‡∏±‡∏ö
‡πÅ‡∏•‡πâ‡∏ß‡πÅ‡∏ï‡πà‡πÄ‡∏ß‡∏•‡∏≤‡∏ä‡∏ß‡∏ô ‡πÑ‡∏°‡πà‡∏Å‡∏¥‡∏ô‡πÄ‡∏≠‡∏á,0,‡πÅ‡∏•‡πâ‡∏ß‡πÅ‡∏ï‡πà‡πÄ‡∏ß‡∏•‡∏≤‡∏ó‡∏µ‡πà‡∏ä‡∏ß‡∏ô ‡πÑ‡∏°‡πà‡πÑ‡∏î‡πâ‡∏Å‡∏¥‡∏ô‡∏î‡πâ‡∏ß‡∏¢‡∏ï‡∏±‡∏ß‡πÄ‡∏≠‡∏á‡∏Ñ‡∏£‡∏±‡∏ö
‡πÄ‡∏´‡πá‡∏ô‡∏ô‡πâ‡∏≠‡∏á‡πÜ‡πÉ‡∏ä‡πâ‡πÅ‡∏•‡πâ‡∏ß‡∏ú‡∏¥‡∏ß‡∏î‡∏µ‡πÄ‡∏•‡∏¢‡πÉ‡∏´‡πâ‡∏Ñ‡∏ô‡πÑ‡∏õ‡∏ã‡∏∑‡πâ‡∏≠‡∏°‡∏≤‡∏•‡∏≠‡∏á ‡∏°‡∏µ‡∏£‡∏≤‡∏Ñ‡∏≤‡∏¢‡πà‡∏≠‡∏°‡πÄ‡∏¢‡∏≤‡∏î‡πâ‡∏ß‡∏¢‡πÉ‡∏ä‡πâ‡πÑ‡∏õ 2-3 ‡∏õ‡∏µ ‡∏ô‡πâ‡∏≠‡∏á‡∏ó‡∏µ‡πà‡∏ó‡∏≥ snail white ‡πÄ‡∏•‡∏¢‡∏°‡∏≤‡∏ä‡∏ß‡∏ô‡πÉ‡∏´‡πâ‡πÄ‡∏õ‡πá‡∏ô presenter,0,‡πÄ‡∏´‡πá‡∏ô‡∏ô‡πâ‡∏≠‡∏á‡πÜ ‡πÉ‡∏ä‡πâ‡πÅ‡∏•‡πâ‡∏ß‡∏ú‡∏¥‡∏ß‡∏î‡∏µ ‡πÄ‡∏•‡∏¢‡∏ù‡∏≤‡∏Å‡∏Ñ‡∏ô‡πÑ‡∏õ‡∏ã‡∏∑‡πâ‡∏≠‡∏°‡∏≤‡∏•‡∏≠‡∏á ‡∏°‡∏µ‡πÅ‡∏ö‡∏ö‡∏£‡∏≤‡∏Ñ‡∏≤‡∏¢‡πà‡∏≠‡∏°‡πÄ‡∏¢‡∏≤‡∏î‡πâ‡∏ß‡∏¢ ‡πÉ‡∏ä‡πâ‡πÑ‡∏õ 2-3 ‡∏õ‡∏µ ‡∏ô‡πâ‡∏≠‡∏á‡∏ó‡∏µ‡πà‡∏ó‡∏≥ snail white ‡∏Å‡πá‡πÑ‡∏î‡πâ‡∏°‡∏≤‡∏ä‡∏ß‡∏ô‡πÉ‡∏´‡πâ‡πÄ‡∏õ‡πá‡∏ô presenter
‡πÑ‡∏õ‡∏à‡∏±‡∏î‡∏ó‡∏µ‡∏ß‡∏±‡∏ô‡πÄ‡∏™‡∏≤‡∏£‡πå,0,‡πÑ‡∏õ‡∏•‡∏≠‡∏á‡πÄ‡∏™‡∏µ‡∏¢‡∏´‡∏ô‡πà‡∏≠‡∏¢ ‡πÉ‡∏ô‡∏ß‡∏±‡∏ô‡πÄ‡∏™‡∏≤‡∏£‡πå‡∏ô‡∏µ‡πâ
‡πÄ‡∏ö‡∏µ‡∏¢‡∏£‡πå‡∏¢‡∏π‡πÄ‡∏´‡∏°‡∏≤‡∏∞‡∏™‡∏≥‡∏´‡∏£‡∏±‡∏ö‡∏Ñ‡∏ô‡∏ó‡∏µ‡πà‡πÑ‡∏°‡πà‡∏ä‡∏≠‡∏ö‡∏£‡∏™‡∏Ç‡∏° ‡∏£‡∏™‡∏ä‡∏≤‡∏ï‡∏¥‡∏Ç‡∏≠‡∏á‡πÄ‡∏ö‡∏µ‡∏¢‡∏£‡πå‡∏à‡∏∞‡∏≠‡πà‡∏≠‡∏ô‡πÜ‡∏ô‡∏¥‡πà‡∏°‡πÜ ‡πÇ‡∏î‡∏¢‡∏£‡∏ß‡∏°‡πÜ‡∏Å‡πá‡∏î‡∏∑‡πà‡∏°‡∏á‡πà‡∏≤‡∏¢‡∏≠‡πà‡∏∞‡∏Ñ‡πà‡∏∞,0,‡πÄ‡∏ö‡∏µ‡∏¢‡∏£‡πå‡∏¢‡∏π‡πÄ‡∏´‡∏°‡∏≤‡∏∞‡∏™‡∏≥‡∏´‡∏£‡∏±‡∏ö‡∏Ñ‡∏ô‡∏ó‡∏µ‡πà‡πÑ‡∏°‡πà‡∏ä‡∏≠‡∏ö‡∏£‡∏™‡∏Ç‡∏° ‡∏£‡∏™‡∏ä‡∏≤‡∏ï‡∏¥‡∏Ç‡∏≠‡∏á‡πÄ‡∏ö‡∏µ‡∏¢‡∏£‡πå‡∏à‡∏∞‡∏≠‡πà‡∏≠‡∏ô‡πÅ‡∏•‡∏∞‡∏ô‡∏¥‡πà‡∏° ‡πÇ‡∏î‡∏¢‡∏£‡∏ß‡∏°‡πÅ‡∏•‡πâ‡∏ß ‡∏î‡∏∑‡πà‡∏°‡∏á‡πà‡∏≤‡∏¢‡∏Ñ‡πà‡∏∞
‡πÑ‡∏õ‡∏°‡∏∞,0,‡πÑ‡∏õ‡πÑ‡∏´‡∏°
‡πÑ‡∏≠‡πâ‡πÉ‡∏Ñ‡∏£‡∏û‡∏¥‡∏°‡∏û‡πå‡∏™‡∏°‡∏ô‡πâ‡∏≥‡∏´‡∏ô‡πâ‡∏≤‡∏ï‡∏∞‡∏Å‡∏µ‡πâ‡∏ô‡∏∞,0,‡πÉ‡∏Ñ‡∏£‡∏û‡∏¥‡∏°‡∏û‡πå‡∏™‡∏°‡∏ô‡πâ‡∏≥‡∏´‡∏ô‡πâ‡∏≤‡πÄ‡∏°‡∏∑‡πà‡∏≠‡∏Ñ‡∏£‡∏π‡πà‡∏ô‡∏∞‡∏Ñ‡∏£‡∏±‡∏ö
‡∏ô‡∏µ‡πà‡πÉ‡∏ä‡πâ‡πÇ‡∏ã‡∏ü‡∏µ‡∏î‡∏∂‡∏á‡∏ó‡∏µ‡∏Å‡∏Å‡∏ô.‡πÅ‡∏ó‡∏ö‡πÄ‡∏õ‡πá‡∏ô‡∏Ç‡∏∏‡∏¢ ‡∏ï‡∏¥‡∏î‡πÅ‡∏ô‡πà‡∏ô‡∏≠‡∏∞‡πÑ‡∏£‡πÄ‡∏ö‡∏≠‡∏£‡πå‡∏ô‡∏±‡πâ‡∏ô 5555,0,‡∏â‡∏±‡∏ô‡πÉ‡∏ä‡πâ‡πÇ‡∏ã‡∏ü‡∏µ ‡πÄ‡∏ß‡∏•‡∏≤‡∏î‡∏∂‡∏á‡∏ó‡∏µ‡∏Å‡∏≤‡∏á‡πÄ‡∏Å‡∏á‡πÉ‡∏ô‡πÅ‡∏ó‡∏ö‡πÄ‡∏õ‡πá‡∏ô‡∏Ç‡∏∏‡∏¢ ‡∏ó‡∏≥‡πÑ‡∏°‡∏ñ‡∏∂‡∏á‡∏ï‡∏¥‡∏î‡πÅ‡∏ô‡πà‡∏ô‡∏Ç‡∏ô‡∏≤‡∏î‡∏ô‡∏±‡πâ‡∏ô
‡∏™‡∏£‡∏∏‡∏õ‡πÅ‡∏î‡∏Å‡∏•‡∏µ‡πÇ‡∏≠‡∏ï‡πà‡∏≠‡∏õ‡∏≤‡∏¢,0,‡∏™‡∏£‡∏∏‡∏õ‡πÅ‡∏•‡πâ‡∏ß‡∏ß‡πà‡∏≤ ‡πÄ‡∏•‡∏∑‡∏≠‡∏Å‡∏î‡∏∑‡πà‡∏°‡∏•‡∏µ‡πÇ‡∏≠‡∏ï‡πà‡∏≠‡πÑ‡∏õ